KIND;OPR;STAT;AREA;CITY ;CB  ;LAC; CID ; GSM ; DCS;3G L; 3G C;  3G S   ;U-L; U900 ;U-S ;  DATE  ; ADDR                ; REM                               ;  OZIN     ;  OZIE  ;LOCK

/;Гродно

$;4;R  ;GR.; Гродно              ;;;;;; 234 ; 400634 ; 123; 234 ;400634;56789   ;26.01.18 ; Курчатова, 45         ; столб МТС                                            ; 53.706030; 23.854750;G 
$;4;R  ;GR.; Гродно             ;v;;;;; 234 ; 400634 ;:51:52:53;;      ;        ;02.02.20 ; Курчатова, 45         ; столб МТС                                            ; 53.706030; 23.854750;G 
$;4;R  ;GR.; Гродно              ;;;;;; 233 ; 400645 ; 123;     ;      ;        ;29.12.19 ; Понемуньская, 20      ; ООО "СтройТехАльянс", мачта МТС                      ; 53.661332; 23.870007;G
$;4;R  ;GR.; Гродно             ;v;;;;; 233 ; 400645 ;:51:52:53;;      ;        ;20.01.20 ; Понемуньская, 20      ; ООО "СтройТехАльянс", мачта МТС                      ; 53.661332; 23.870007;G
$;4;R  ;GR.; Гродно              ;;;;;; 230 ; 400800 ; 123; 230 ;400800;5678 :10;01.05.17 ; К.Маркса, 29          ; узел связи, отдельные трубостойки                    ; 53.676500; 23.838314;G
$;4;R  ;GR.; Гродно             ;v;;;;; 230 ; 400800 ;:51:52:53;;      ;        ;02.02.20 ; К.Маркса, 29          ; узел связи, отдельные трубостойки                    ; 53.676500; 23.838314;G
$;4;R  ;GR.; Гродно              ;;;;;; 233 ; 400801 ; 123; 233 ;400801;56789   ;29.12.16 ; пр-кт Космонавтов, 100; ПО "Азот", заводоуправление, трубостойки МТС?        ; 53.677100; 23.894100;
$;4;R  ;GR.; Гродно             ;v;;;;; 233 ; 400801 ;:51:52:53;;      ;        ;16.04.20 ; пр-кт Космонавтов, 100; ПО "Азот", заводоуправление, трубостойки МТС?        ; 53.677100; 23.894100;
$;4;R  ;GR.; Гродно              ;;;;;; 233 ; 400802 ; 123; 233 ;400802;56789:10;27.01.19 ; Томина, 6             ; жилой дом, трубостойки МТС?                          ; 53.648300; 23.833100;
$;4;R  ;GR.; Гродно             ;v;;;;; 233 ; 400802 ;:51:52:53;;      ;        ;16.04.20 ; Томина, 6             ; жилой дом, трубостойки МТС?                          ; 53.648300; 23.833100;
$;4;R  ;GR.; Гродно              ;;;;;; 234 ; 400803 ; 123; 234 ;400803; 6 79:10;21.12.16 ; Горького, 89          ; ПО "Волна", отдельные трубостойки                    ; 53.704700; 23.818700;
$;4;R  ;GR.; Гродно             ;v;;;;; 234 ; 400803 ;:51:52:53;;      ;        ;16.04.20 ; Горького, 89          ; ПО "Волна", отдельные трубостойки                    ; 53.704700; 23.818700;
$;4;R  ;GR.; Гродно              ;;;;;; 230 ; 400804 ; 123; 230 ;400804;56 8  9 ;08.05.18 ; Калиновского, 1       ; г-ца "Беларусь", трубостойки МТС                     ; 53.690937; 23.824270; 
$;4;R  ;GR.; Гродно             ;v;;;;; 230 ; 400804 ;:51:52:53;;      ;        ;01.02.20 ; Калиновского, 1       ; г-ца "Беларусь", трубостойки МТС                     ; 53.690937; 23.824270; 
$;4;D  ;GR.; Гродно              ;;;;;; 233 ; 400805 ; 123;     ;      ;        ;23.12.16 ; Поповича, 5           ; гостиница "Гродно", трубостойки, дем. в связи с реконструкцией здания; 53.670432; 23.801464;G
$;4;R  ;GR.; Гродно             ;v;;;;; 230 ; 400805 ;:51      ;;      ;        ;16.01.22 ; Поповича, 5 ?         ; гостиница "Гродно"?, трубостойки ?                   ; 53.670432; 23.801464;G
$;4;R  ;GR.; Гродно              ;;;;;; 230 ; 400806 ; 12 ; 230 ;400806;    9   ;23.12.16 ; Суворова, 135         ; ОАО "Гродножилстрой", трубостойки                    ; 53.650980; 23.785060;G
$;4;R  ;GR.; Гродно             ;v;;;;; 230 ; 400806 ;:51:52:53;;      ;        ;16.04.20 ; Суворова, 135         ; ОАО "Гродножилстрой", трубостойки                    ; 53.650980; 23.785060;G
$;4;R  ;GR.; Гродно              ;;;;;; 234 ; 400807 ; 12 ; 234 ;400807;    9   ;25.12.16 ; Врублевского, 1       ; общежитие, трубостойки                               ; 53.699023; 23.809371;G
$;4;R  ;GR.; Гродно             ;v;;;;; 234 ; 400807 ;   :52:53;;      ;        ;16.04.20 ; Врублевского, 1       ; общежитие, трубостойки                               ; 53.699023; 23.809371;G
$;4;R  ;GR.; Гродно              ;;;;;; 230 ; 400809 ; 123; 230 ;400809;56789:10;20.12.16 ; Советская, 18         ; ТД "Неман", трубостойки                              ; 53.682115; 23.831695;G 
$;4;R  ;GR.; Гродно             ;v;;;;; 230 ; 400809 ;:51:52:53;;      ;        ;01.02.20 ; Советская, 18         ; ТД "Неман", трубостойки                              ; 53.682115; 23.831695;G
$;4;R  ;GR.; Гродно              ;;;;;; 230 ; 400810 ; 123; 230 ;400810;56789:10;16.07.17 ; Транспортная, 3       ; поликлиника N2, триподы МТС                          ; 53.670294; 23.822602;G
$;4;R  ;GR.; Гродно             ;v;;;;; 230 ; 400810 ;:51:52:53;;      ;        ;02.02.20 ; Транспортная, 3       ; поликлиника N2, триподы МТС                          ; 53.670294; 23.822602;G
$;4;R  ;GR.; Гродно              ;;;;;; 233 ; 400812 ; 123; 233 ;400812;5 789:10;16.07.17 ; пр-кт Я.Купалы, 63    ; гостиница "Турист", мачта МТС                        ; 53.654390; 23.846640;G 
$;4;R  ;GR.; Гродно             ;v;;;;; 233 ; 400812 ;:51:52:53;;      ;        ;20.04.20 ; пр-кт Я.Купалы, 63    ; гостиница "Турист", мачта МТС                        ; 53.654390; 23.846640;G 
$;4;R  ;GR.; Гродно              ;;;;;; 234 ; 400814 ; 123; 234 ;400814; 6789:10;29.12.19 ; БЛК, 50               ; институт биохимии НАНБ, мачта МТС                    ; 53.695520; 23.796240;G*
$;4;R  ;GR.; Гродно             ;v;;;;; 234 ; 400814 ;:51:52:53;;      ;        ;16.04.20 ; БЛК, 50               ; институт биохимии НАНБ, мачта МТС                    ; 53.695520; 23.796240;G*
$;4;R  ;GR.; Гродно              ;;;;;; 234 ; 400815 ; 123; 234 ;400815;5 78 :10;28.07.19 ; Горького, 123         ; котельная ТЭЦ, труба                                 ; 53.720400; 23.827800;
$;4;R  ;GR.; Гродно             ;v;;;;; 234 ; 400815 ;:51:52:53;;      ;        ;16.04.20 ; Горького, 123         ; котельная ТЭЦ, труба                                 ; 53.720400; 23.827800;
$;4;R  ;GR.; Гродно              ;;;;;; 233 ; 400816 ; 123; 233 ;400816;5 78    ;01.05.17 ; пр-кт Космонавтов, 56 ; ОАО "ГИАП", мачта МТС                                ; 53.674630; 23.863010;G
$;4;R  ;GR.; Гродно             ;v;;;;; 233 ; 400816 ;:51:52:53;;      ;        ;20.03.20 ; пр-кт Космонавтов, 56 ; ОАО "ГИАП", мачта МТС                                ; 53.674630; 23.863010;G
$;4;R  ;GR.; Гродно              ;;;;;; 234 ; 400817 ; 12 ;     ;      ;        ;30.07.22 ; Тимирязева, 16        ; РУП "ГродТоргмаш", трубостойки                       ; 53.691920; 23.846495;G
$;4;R  ;GR.; Гродно             ;v;;;;; 234 ; 400817 ;:51:52   ;;      ;        ;30.07.22 ; Тимирязева, 16        ; РУП "ГродТоргмаш", трубостойки                       ; 53.691920; 23.846495;G
$;4;R  ;GR.; Гродно              ;;;;;; 234 ; 400818 ; 123; 234 ;400818;56789:10;16.04.20 ; Дзержинского, 113а    ; ЖЭС N13/аптека, мачта МТС                            ; 53.705120; 23.840890;G 
$;4;R  ;GR.; Гродно             ;v;;;;; 234 ; 400818 ;:51:52:53;;      ;        ;02.02.20 ; Дзержинского, 113а    ; ЖЭС N13/аптека, мачта МТС                            ; 53.705120; 23.840890;G 
$;4;R  ;GR.; Гродно              ;;;;;; 234 ; 400820 ; 123;     ;      ;        ;29.12.20 ; Богуцкого, 10         ; общежитие, трубостойки                               ; 53.709400; 23.804900;
$;4;R  ;GR.; Гродно             ;v;;;;; 234 ; 400820 ;:51   :53;;      ;        ;16.04.20 ; Богуцкого, 10         ; общежитие, трубостойки                               ; 53.709400; 23.804900;
$;4;R  ;GR.; Гродно              ;;;;;; 230 ; 400821 ;  23; 230 ;400821;     :10;16.04.20 ; пер.Победы, 12        ; РCУ-2, мачта МТС?                                    ; 53.658440; 23.818445;G
$;4;R  ;GR.; Гродно             ;v;;;;; 230 ; 400821 ;:51:52:53;;      ;        ;16.04.20 ; пер.Победы, 12        ; РCУ-2, мачта МТС?                                    ; 53.658440; 23.818445;G
$;4;R  ;GR.; Гродно              ;;;;;; 233 ; 400822 ; 123; 233 ;400822;5  8    ;08.05.18 ; Куйбышева, 31         ; ДРCУ-47, мачта МТС                                   ; 53.686080; 23.870240;G*w
$;4;R  ;GR.; Гродно             ;v;;;;; 233 ; 400822 ;:51:52:53;;      ;        ;01.02.20 ; Куйбышева, 31         ; ДРCУ-47, мачта МТС                                   ; 53.686080; 23.870240;G*w
$;4;R  ;GR.; Гродно              ;;;;;; 234 ; 400825 ; 123; 234 ;400825;56789:10;10.05.19 ; Малыщинская, 7        ; теплоузел, мачта МТС?                                ; 53.712605; 23.854065;G
$;4;R  ;GR.; Гродно             ;v;;;;; 234 ; 400825 ;:51:52:53;;      ;        ;20.04.20 ; Малыщинская, 7        ; теплоузел, мачта МТС?                                ; 53.712605; 23.854065;G
$;4;R  ;GR.; Гродно              ;;;;;; 233 ; 400827 ; 123;     ;      ;        ;26.09.18 ; скидельское шоссе, 20 ; РУП "Белвторполимер", мачта МТС                      ; 53.661459; 23.954761;G 
$;4;R  ;GR.; Гродно             ;v;;;;; 233 ; 400827 ;:51:52:53;;      ;        ;26.08.20 ; скидельское шоссе, 20 ; РУП "Белвторполимер", мачта МТС                      ; 53.661459; 23.954761;G
$;4;R  ;GR.; Гродно              ;;;;;; 230 ; 400828 ; 123; 230 ;400828;56789:10;21.12.16 ; Буденного, 23         ; РУПС, мачта МТС                                      ; 53.685132; 23.847284;G
$;4;R  ;GR.; Гродно             ;v;;;;; 230 ; 400828 ;:51:52:53;;      ;        ;01.02.20 ; Буденного, 23         ; РУПС, мачта МТС                                      ; 53.685132; 23.847284;G
$;4;R  ;GR.; Гродно              ;;;;;; 230 ; 400870 ; 123; 230 ;400870;56 89   ;16.07.17 ; Василька, 31          ; колледж ЖКХ, триподы МТС                             ; 53.682400; 23.839260;G
$;4;R  ;GR.; Гродно             ;v;;;;; 230 ; 400870 ;:51:52:53;;      ;        ;01.02.20 ; Василька, 31          ; колледж ЖКХ, триподы МТС                             ; 53.682400; 23.839260;G
$;4;R  ;GR.; Гродно              ;;;;;; 233 ; 400879 ; 123; 233 ;400879;5    89 ;29.12.16 ; Белуша, 19            ; общежитие, триподы МТС?                              ; 53.671890; 23.847080;G*
$;4;R  ;GR.; Гродно             ;v;;;;; 233 ; 400879 ;:51   :53;;      ;        ;20.03.20 ; Белуша, 19            ; общежитие, триподы МТС?                              ; 53.671890; 23.847080;G*
$;4;R  ;GR.; Гродно              ;;;;;; 234 ; 401219 ;  2 ;     ;      ;        ;29.07.19 ; Господарчая, 19       ; БЦ "МаРРо", мачта МТС                                ; 53.710650; 23.825580;G
$;4;R  ;GR.; Гродно              ;;;;;; 234 ; 401226 ; 123;     ;      ;        ;16.04.20 ; Врублевского, 5?      ;
$;4;R  ;GR.; Гродно             ;v;;;;; 234 ; 401226 ;:51:52:53;;      ;        ;16.04.20 ; Врублевского, 5?      ;
$;4;R  ;GR.; Гродно              ;;;;;; 233 ; 401227 ; 123; 233 ;401227; 6    9 ;26.09.18 ; пр-т Космонавтов 100/111 ; ветеринарная клиника "Мокрый нос", мачта МТС?     ; 53.673031; 23.892590;G
$;4;R  ;GR.; Гродно             ;v;;;;; 233 ; 401227 ;:51   :53;;      ;        ;20.03.20 ; пр-т Космонавтов 100/111 ; ветеринарная клиника "Мокрый нос", мачта МТС?     ; 53.673031; 23.892590;G
$;4;R  ;GR.; Гродно              ;;;;;; 234 ; 401230 ; 12 ; 234 ;401230; 6 89:10;29.12.19 ; Болдина, 11           ; эндокринологический диспансер, трипод МТС            ; 53.690980; 23.799500;G                                                      ;
$;4;R  ;GR.; Гродно             ;v;;;;; 234 ; 401230 ;:51:52   ;;      ;        ;16.04.20 ; Болдина, 11           ; эндокринологический диспансер, трипод МТС            ; 53.690980; 23.799500;G                                                      ;
$;4;R  ;GR.; Гродно              ;;;;;; 230 ; 401454 ; 123;     ;      ;        ;16.04.20 ; Красноармейская, 3    ; центр МТС, антенны на наружной стене                 ; 53.677230; 23.842110;G
$;4;R  ;GR.; Гродно             ;v;;;;; 230 ; 401454 ;:51:52:53;;      ;        ;20.03.20 ; Красноармейская, 3    ; центр МТС, антенны на наружной стене                 ; 53.677230; 23.842110;G
$;4;R  ;GR.; Гродно              ;;;;;; 230 ; 401495 ;    ; 230 ;401495;5 78    ;28.06.20 ; Доватора, 4           ; кафе "Палуба", мачта                                 ; 53.692790; 23.828480;G
$;4;R  ;GR.; Гродно             ;v;;;;; 230 ; 401495 ;:51:52:53;;      ;        ;01.02.20 ; Доватора, 4           ; кафе "Палуба", мачта МТС                             ; 53.692790; 23.828480;G
$;4;R  ;GR.; Гродно              ;;;;;; 234 ; 401660 ;1 3 ; 234 ;401660;  78 :10;02.02.20 ; Брикеля, 7            ; общежитие ГрГАУ, трипод МТС                          ; 53.699620; 23.845460;G
$;4;R  ;GR.; Гродно             ;v;;;;; 234 ; 401660 ;:51:52   ;;      ;        ;02.02.20 ; Брикеля, 7            ; общежитие ГрГАУ, трипод МТС                          ; 53.699620; 23.845460;G
$;4;R  ;GR.; Гродно              ;;;;;; 234 ; 401671 ;1  3; 234 ;401671;5  8    ;17.04.20 ; Курчатова, 8?         ;
$;4;R  ;GR.; Гродно             ;v;;;;; 234 ; 401671 ;:51   :53;;      ;        ;17.04.20 ; Курчатова, 8?         ;
$;4;R  ;GR.; Гродно              ;;;;;; 230 ; 401682 ;123 ; 230 ;401682; 6  9:10;29.12.19 ; Поповича, 4а          ; торговый колледж, общежитие, триподы МТС?            ; 53.673790; 23.804785;G 
$;4;R  ;GR.; Гродно             ;v;;;;; 230 ; 401682 ;:51:52:53;;      ;        ;16.04.20 ; Поповича, 4а          ; торговый колледж, общежитие, триподы МТС?            ; 53.673790; 23.804785;G 
$;4;R  ;GR.; Гродно              ;;;;;; 234 ; 401706 ;12  ; 234 ;401706; 56     ;02.02.20 ; Лиможа, 32Б           ; унивесам "Алми", трубостойки МТС?                    ; 53.711200; 23.848700;G*
$;4;R  ;GR.; Гродно             ;v;;;;; 234 ; 401706 ;:51:52   ;;      ;        ;02.02.20 ; Лиможа, 32Б           ; унивесам "Алми", трубостойки МТС?                    ; 53.711200; 23.848700;G*
$;4;R  ;GR.; Гродно              ;;;;;; 234 ; 401834 ; 123;     ;      ;        ;08.05.18 ; Дубко, 17             ; ТЦ "OldCity", трипод МТС                             ; 53.701600; 23.833970;G
$;4;R  ;GR.; Гродно             ;v;;;;; 234 ; 401834 ;:51:52:53;;      ;        ;01.02.20 ; Дубко, 17             ; ТЦ "OldCity", трипод МТС                             ; 53.701600; 23.833970;G
$;4;R  ;GR.; Гродно              ;;;;;; 234 ; 402008 ; 123;     ;      ;        ;25.09.21 ; Белые Росы            ; автостоянка, передвижная БС                          ; 53.717010; 23.848860;G
$;4;R  ;GR.; Гродно             ;v;;;;; 234 ; 402008 ;   :52:53;;      ;        ;25.09.21 ; Белые Росы            ; автостоянка, передвижная БС                          ; 53.717010; 23.848860;G
$;4;R  ;GR.; Гродно              ;;;;;; 233 ; 402018 ; 123; 233 ;402018;56789:10;10.05.19 ; Южная, 19а            ; столб МТС                                            ; 53.638225; 23.858785;G
$;4;R  ;GR.; Гродно             ;v;;;;; 233 ; 402018 ;:51:52:53;;      ;        ;14.08.22 ; Южная, 19а            ; столб МТС                                            ; 53.638225; 23.858785;G
$;4;R  ;GR.; Гродно              ;;;;;; 233 ; 402071 ; 123; 233 ;402071; 67 9:10;29.12.19 ; пр-кт Космонавтов, 81 ; ТЦ Корона, триподы МТС                               ; 53.672142; 23.863120;G
$;4;R  ;GR.; Гродно             ;v;;;;; 233 ; 402071 ;:51:52:53;;      ;        ;20.01.20 ; пр-кт Космонавтов, 81 ; ТЦ Корона, триподы МТС                               ; 53.672142; 23.863120;G
$;4;R  ;GR.; Гродно              ;;;;;; 234 ; 402800 ;  2 ;     ;      ;        ;10.05.19 ; Дзержинского, 135а    ; теплоузел, мачта МТС?                                ; 53.710930; 23.844430;G
$;4;R  ;GR.; Гродно              ;;;;;; 233 ; 402801 ; 123; 233 ;402801;5  8    ;01.12.16 ; Пролетарская, 16      ; общежитие, мачта МТС                                 ; 53.681270; 23.854450;G
$;4;R  ;GR.; Гродно             ;v;;;;; 233 ; 402801 ;:51:52:53;;      ;        ;16.04.20 ; Пролетарская, 16      ; общежитие, мачта МТС                                 ; 53.681270; 23.854450;G
$;4;R  ;GR.; Гродно              ;;;;;; 233 ; 402802 ; 1 3; 233 ;402802;   8    ;26.09.18 ; Пестрака, 36          ; АТС-56, трубостойки МТС?                             ; 53.654334; 23.835654;G
$;4;R  ;GR.; Гродно              ;;;;;; 233 ; 402803 ; 123; 233 ;402803; 67 9:10;23.12.16 ; пр-кт Я.Купалы, 18    ; ПТУ-119, мачта                                       ; 53.660780; 23.835020;G 
$;4;R  ;GR.; Гродно             ;v;;;;; 233 ; 402803 ;   :52:53;;      ;        ;20.10.21 ; пр-кт Я.Купалы, 18    ; ПТУ-119, мачта                                       ; 53.660780; 23.835020;G
$;4;R  ;GR.; Гродно              ;;;;;; 234 ; 402804 ; 12 ; 234 ;402804; 6      ;08.05.18 ; Терешковой, 50А       ; теплоузел, мачта МТС?                                ; 53.697150; 23.852110;G 
$;4;R  ;GR.; Гродно             ;v;;;;; 234 ; 402804 ;   :52   ;;      ;        ;01.02.20 ; Терешковой, 50А       ; теплоузел, мачта МТС?                                ; 53.697150; 23.852110;G 
$;4;R  ;GR.; Гродно              ;;;;;; 233 ; 402806 ; 123; 233 ;402806;56789:10;01.05.17 ; пр-кт Я.Купалы, 89    ; клиническая больница N4                              ; 53.648748; 23.857628;G
$;4;R  ;GR.; Гродно             ;v;;;;; 233 ; 402806 ;:51:52:53;;      ;        ;16.04.20 ; пр-кт Я.Купалы, 89    ; клиническая больница N4                              ; 53.648748; 23.857628;G
$;4;R  ;GR.; Гродно              ;;;;;; 234 ; 402808 ;  2 ;     ;      ;        ;17.04.20 ; Врублевского, 33      ; ИПО ГрГУ (бывш. ДК Юность), мачта МТС?               ; 53.704164; 23.807654;G
$;4;R  ;GR.; Гродно             ;v;;;;; 234 ; 402808 ;   :52   ;;      ;        ;17.04.20 ; Врублевского, 33      ; ИПО ГрГУ (бывш. ДК Юность), мачта МТС?               ; 53.704164; 23.807654;G
$;4;R  ;GR.; Гродно              ;;;;;; 230 ; 402809 ; 123; 230 ;402809;56789   ;15.12.16 ; Замковая, 4           ; дом быта, триподы МТС                                ; 53.677515; 23.827240;G 
$;4;R  ;GR.; Гродно             ;v;;;;; 230 ; 402809 ;:51:52:53;;      ;        ;01.02.20 ; Замковая, 4           ; дом быта, триподы МТС                                ; 53.677515; 23.827240;G 
$;4;R  ;GR.; Гродно              ;;;;;; 234 ; 402811 ; 123; 234 ;402811;56 89   ;01.05.17 ; пер.Доватора, 3/1     ; ГрГУ, учебный корпус N2, трипод и кор.мачта МТС?     ; 53.695065; 23.826540;G
$;4;R  ;GR.; Гродно             ;v;;;;; 234 ; 402811 ;   :52:53;;      ;        ;01.02.20 ; пер.Доватора, 3/1     ; ГрГУ, учебный корпус N2, трипод и кор.мачта МТС?     ; 53.695065; 23.826540;G
$;4;R  ;GR.; Гродно              ;;;;;; 233 ; 402812 ; 123; 233 ;402812;56789:10;26.09.18 ; Белуша, 55            ; магазин "Неман-Лада", мачта МТС?                     ; 53.666220; 23.859960;G  
$;4;R  ;GR.; Гродно             ;v;;;;; 233 ; 402812 ;:51:52:53;;      ;        ;20.03.20 ; Белуша, 55            ; магазин "Неман-Лада", мачта МТС?                     ; 53.666220; 23.859960;G  
$;4;R  ;GR.; Гродно              ;;;;;; 234 ; 402813 ; 123; 234 ;402813;56789:10;21.12.16 ; Дзержинского, 35/1    ; общежитие, триподы МТС                               ; 53.697580; 23.841080;G
$;4;R  ;GR.; Гродно             ;v;;;;; 234 ; 402813 ;:51:52:53;;      ;        ;01.02.20 ; Дзержинского, 35/1    ; общежитие, триподы МТС                               ; 53.697580; 23.841080;G
$;4;R  ;GR.; Гродно              ;;;;;; 230 ; 402814 ; 123;     ;      ;        ;26.01.19 ; Гагарина, 18/1        ; спорткоплекс "Виктория", мачта МТС                   ; 53.672150; 23.815280;G 
$;4;R  ;GR.; Гродно             ;v;;;;; 230 ; 402814 ;:51:52:53;;      ;        ;16.04.20 ; Гагарина, 18/1        ; спорткоплекс "Виктория", мачта МТС                   ; 53.672150; 23.815280;G 
$;4;R  ;GR.; Гродно              ;;;;;; 230 ; 402815 ;  23;     ;      ;        ;17.04.20 ; Гарбарская, 4         ; ПО "Труд", мачта МТС                                 ; 53.686335; 23.824635;G
$;4;R  ;GR.; Гродно             ;v;;;;; 230 ; 402815 ;:51:52:53;;      ;        ;03.02.20 ; Гарбарская, 4         ; ПО "Труд", мачта МТС                                 ; 53.686335; 23.824635;G
$;4;R  ;GR.; Гродно              ;;;;;; 230 ; 402817 ; 123; 230 ;402817; 67 9:10;15.12.16 ; Захарова, 32          ; ГрГУ. учебный корпус N6, триподы МТС                 ; 53.678570; 23.846940;G 
$;4;R  ;GR.; Гродно             ;v;;;;; 230 ; 402817 ;:51:52:53;;      ;        ;03.02.20 ; Захарова, 32          ; ГрГУ. учебный корпус N6, триподы МТС                 ; 53.678570; 23.846940;G 
$;4;R  ;GR.; Гродно              ;;;;;; 230 ; 402818 ; 123; 230 ;402818;56      ;21.12.16 ; Дзержинского, 2/1     ; институт Гродногражданпроект, отдельные трубостойки  ; 53.685980; 23.834740;G
$;4;R  ;GR.; Гродно             ;v;;;;; 230 ; 402818 ;:51:52:53;;      ;        ;01.02.20 ; Дзержинского, 2/1     ; институт Гродногражданпроект, отдельные трубостойки  ; 53.685980; 23.834740;G
$;4;R  ;GR.; Гродно              ;;;;;; 230 ; 402819 ; 123; 230 ;402819;5 78 :10;29.12.19 ; Поповича, 50          ; центр культуры, мачта                                ; 53.666445; 23.805782;G
$;4;R  ;GR.; Гродно             ;v;;;;; 230 ; 402819 ;:51:52:53;;      ;        ;16.04.20 ; Поповича, 50          ; центр культуры, мачта                                ; 53.666445; 23.805782;G
$;4;R  ;GR.; Гродно              ;;;;;; 234 ; 402820 ; 1 3; 234 ;402820;5 78 :10;29.12.19 ; Сухомбаева, 17        ; общежитие                                            ; 53.694800; 23.812400;
$;4;R  ;GR.; Гродно              ;;;;;; 234 ; 402821 ; 123; 234 ;402821;5 78 :10;17.04.20 ; Горького, 91          ; ООО "ВекторКорп", мачта МТС?                         ; 53.709300; 23.816490;G 
$;4;R  ;GR.; Гродно             ;v;;;;; 234 ; 402821 ;:51:52:53;;      ;        ;17.04.20 ; Горького, 91          ; ООО "ВекторКорп", мачта МТС?                         ; 53.709300; 23.816490;G 
$;4;R  ;GR.; Гродно              ;;;;;; 230 ; 402823 ; 123; 230 ;402823;5  8    ;26.06.18 ; Пучкова, 47           ; магазин "Стройматериалы", мачта МТС?                 ; 53.652850; 23.805050;G
$;4;R  ;GR.; Гродно             ;v;;;;; 230 ; 402823 ;:51:52:53;;      ;        ;16.04.20 ; Пучкова, 47           ; магазин "Стройматериалы", мачта МТС?                 ; 53.652850; 23.805050;G
$;4;R  ;GR.; Гродно              ;;;;;; 234 ; 402824 ; 12 ;     ;      ;        ;29.12.19 ; Фестивальная, 14      ; лесхоз, столб?                                       ; 53.687170; 23.799295;G*w
$;4;R  ;GR.; Гродно             ;v;;;;; 234 ; 402824 ;:51:52   ;;      ;        ;16.04.20 ; Фестивальная, 14      ; лесхоз, столб?                                       ; 53.687170; 23.799295;G*w
$;4;R  ;GR.; Гродно              ;;;;;; 233 ; 402859 ; 12 ; 233 ;402859;56  89  ;26.09.18 ; индурское шоссе, 30   ; р-к "Южный", столб МТС                               ; 53.623570; 23.864465;G 
$;4;R  ;GR.; Гродно             ;v;;;;; 233 ; 402859 ;:51:52   ;;      ;        ;26.09.21 ; индурское шоссе, 30   ; р-к "Южный", столб МТС                               ; 53.623570; 23.864465;G
$;4;R  ;GR.; Гродно              ;;;;;; 233 ; 402864 ; 123; 233 ;402864;5   9:10;10.05.19 ; пер. Южный, 16        ; теплоузел, мачта МТС                                 ; 53.644115; 23.863500;G
$;4;R  ;GR.; Гродно             ;v;;;;; 233 ; 402864 ;:51:52:53;;      ;        ;14.08.22 ; пер. Южный, 16        ; теплоузел, мачта МТС                                 ; 53.644115; 23.863500;G
$;4;R  ;GR.; Гродно              ;;;;;; 234 ; 402892 ; 123; 234 ;402892; 5 7    ;25.12.16 ; Горького, 72          ; дом науки и техники, мачта МТС                       ; 53.696525; 23.820005;G
$;4;R  ;GR.; Гродно             ;v;;;;; 234 ; 402892 ;:51      ;;      ;        ;16.04.20 ; Горького, 72          ; дом науки и техники, мачта МТС                       ; 53.696525; 23.820005;G
$;4;R  ;GR.; Гродно              ;;;;;; 230 ; 402895 ; 123; 230 ;402895; 67  :10;08.05.18 ; Счастного, 38         ; бассейн "Лазурный" ОАО "Белкард", мачта МТС          ; 53.668490; 23.829175;G
$;4;R  ;GR.; Гродно             ;v;;;;; 230 ; 402895 ;:51:52:53;;      ;        ;02.02.20 ; Счастного, 38         ; бассейн "Лазурный" ОАО "Белкард", мачта МТС          ; 53.668490; 23.829175;G
$;4;R  ;GR.; Гродно              ;;;;;; 234 ; 404029 ; 12 ; 234 ;404029;5  8    ;17.04.20 ; Комарова, 8           ; мачта МТС?                                           ; 53.708640; 23.811980;G
$;4;R  ;GR.; Гродно             ;v;;;;; 234 ; 404029 ;:51:52   ;;      ;        ;17.04.20 ; Комарова, 8           ; мачта МТС?                                           ; 53.708640; 23.811980;G
$;4;R  ;GR.; Гродно              ;;;;;; 230 ; 404030 ; 1 3;     ;      ;        ;26.06.18 ; Титова, 30            ; БОК КУП "Аквацентр", трипод МТС                      ; 53.667175; 23.816845;G
$;4;R  ;GR.; Гродно             ;v;;;;; 230 ; 404030 ;:51   :53;;      ;        ;02.02.20 ; Титова, 30            ; БОК КУП "Аквацентр", трипод МТС                      ; 53.667175; 23.816845;G
$;4;R  ;GR.; Гродно              ;;;;;; 233 ; 404035 ; 12 ; 233 ;404035;5  89   ;10.05.19 ; Химиков, 9            ; БОК "Вишневец", мачта МТС                            ; 53.641235; 23.860640;G
$;4;R  ;GR.; Гродно             ;v;;;;; 233 ; 404035 ;:51:52   ;;      ;        ;15.08.22 ; Химиков, 9            ; БОК "Вишневец", мачта МТС                            ; 53.641235; 23.860640;G
$;4;R  ;GR.; Гродно              ;;;;;; 234 ; 404074 ; 1 3; 234 ;404074;  7  :10;17.07.17 ; Пушкина, 41           ; магазин "Охотник и рыболов", мачта МТС               ; 53.697840; 23.827170;G
$;4;R  ;GR.; Гродно             ;v;;;;; 234 ; 404074 ;:51      ;;      ;        ;01.02.20 ; Пушкина, 41           ; магазин "Охотник и рыболов", мачта МТС               ; 53.697840; 23.827170;G
$;4;R  ;GR.; Гродно              ;;;;;; 230 ; 404093 ; 1  ;     ;      ;        ;29.12.19 ; Соломовой, 131        ; магазин "Евроопт", мачта МТС                         ; 53.660405; 23.781532;G
$;4;R  ;GR.; Гродно             ;v;;;;; 230 ; 404093 ;:51:52:53;;      ;        ;25.08.20 ; Соломовой, 131        ; магазин "Евроопт", мачта МТС                         ; 53.660405; 23.781532;G
$;4;R  ;GR.; Гродно              ;;;;;; 233 ; 404113 ;  2 ;     ;      ;        ;12.04.22 ; пр-кт Космонавтов, 60/6;ГОКЦ "Психиатрия и наркология", триподы МТС?         ; 53.681180; 23.864830;G
$;4;R  ;GR.; Гродно             ;v;;;;; 233 ; 404113 ;   :52   ;;      ;        ;12.04.22 ; пр-кт Космонавтов, 60/6;ГОКЦ "Психиатрия и наркология", триподы МТС?         ; 53.681180; 23.864830;G
$;4;R  ;GR.; Гродно              ;;;;;; 230 ; 404117 ; 123;     ;      ;        ;17.04.20 ; Соколовского, 22      ; ЧУПП "Севласт", трипод МТС?                          ; 53.661375; 23.803190;G
$;4;R  ;GR.; Гродно             ;v;;;;; 230 ; 404117 ;:51:52:53;;      ;        ;17.04.20 ; Соколовского, 22      ; ЧУПП "Севласт", трипод МТС?                          ; 53.661375; 23.803190;G
$;4;R  ;GR.; Гродно              ;;;;;; 234 ; 404185 ; 123; 234 ;404185;56789:10;01.02.20 ; Тавлая, 56            ; столб МТС                                            ; 53.711720; 23.858660;G 
$;4;R  ;GR.; Гродно             ;v;;;;; 234 ; 404185 ;:51:52:53;;      ;        ;16.04.20 ; Тавлая, 56            ; столб МТС                                            ; 53.711720; 23.858660;G
$;4;R  ;GR.; Гродно              ;;;;;; 230 ; 404322 ; 123; 230 ;404322;5 78 :10;08.05.18 ; Островского, 17       ; женская консультация N1, трипод МТС                  ; 53.690169; 23.833803;G 
$;4;R  ;GR.; Гродно             ;v;;;;; 230 ; 404322 ;:51   :53;;      ;        ;01.02.20 ; Островского, 17       ; женская консультация N1, трипод МТС                  ; 53.690169; 23.833803;G 
$;4;R  ;GR.; Гродно              ;;;;;; 234 ; 404364 ; 123; 234 ;404364;     89 ;29.12.19 ; Дзержинского, 108     ; СООО "Зов-ЛенЕвромебель", мачта МТС                  ; 53.711965; 23.838245;G
$;4;R  ;GR.; Гродно             ;v;;;;; 234 ; 404364 ;:51   :53;;      ;        ;02.02.20 ; Дзержинского, 108     ; СООО "Зов-ЛенЕвромебель", мачта МТС                  ; 53.711965; 23.838245;G
$;4;R  ;GR.; Гродно              ;;;;;; 233 ; 404374 ; 123; 233 ;404374;56789:10;20.08.18 ; Олеши, 12б            ; опорная мачта МТС                                   ; 53.616130; 23.829780;G                                        ;
$;4;R  ;GR.; Гродно              ;;;;;; 233 ; 404378 ;  2 ; 233 ;404378; 6    9 ;29.12.16 ; Кленовая, 35          ; ТП, мачта МТС?                                       ; 53.677810; 23.858730;G
$;4;R  ;GR.; Гродно              ;;;;;; 233 ; 404379 ; 123; 233 ;404379;56789:10;20.08.18 ; Богушевича, 52        ; столб МТС                                            ; 53.618955; 23.799755;G
$;4;R  ;GR.; Гродно              ;;;;;; 230 ; 404384 ; 123; 230 ;404384;56  89  ;21.12.16 ; 1 Мая, 7              ; ОАО "Элод", отдельные трубостойки                    ; 53.687247; 23.841370;G
$;4;R  ;GR.; Гродно             ;v;;;;; 230 ; 404384 ;:51:52:53;;      ;        ;01.02.20 ; 1 Мая, 7              ; ОАО "Элод", отдельные трубостойки                    ; 53.687247; 23.841370;G
$;4;R  ;GR.; Гродно              ;;;;;; 233 ; 404396 ; 12 ; 233 ;404396; 6  89  ;17.04.20 ; Фомичева, 2           ; ТЦ "Магнит", трипод МТС?                             ; 53.657775; 23.842840;G
$;4;R  ;GR.; Гродно             ;v;;;;; 233 ; 404396 ;:51:52   ;;      ;        ;17.04.20 ; Фомичева, 2           ; ТЦ "Магнит", трипод МТС?                             ; 53.657775; 23.842840;G
$;4;R  ;GR.; Гродно              ;;;;;; 230 ; 404398 ;  23;     ;      ;        ;27.01.19 ; Подгорная, 8а         ; трансформаторная, трипод МТС                         ; 53.673275; 23.831385;G
$;4;R  ;GR.; Гродно             ;v;;;;; 230 ; 404398 ;   :52:53;;      ;        ;02.02.20 ; Подгорная, 8а         ; трансформаторная, трипод МТС                         ; 53.673275; 23.831385;G
$;4;R  ;GR.; Гродно              ;;;;;; 233 ; 404496 ; 123;     ;      ;        ;23.12.16 ; Томина, 14а           ; общежитие, трипод МТС                                ; 53.651070; 23.829100;G
$;4;R  ;GR.; Гродно              ;;;;;; 233 ; 404375 ; 123; 233 ;404375;56789:10;08.05.23 ; Н.Орды, 14            ; столб МТС                                            ; 53.622000; 23.810840;G
$;4;R  ;GR.; Гродно              ;;;;;; 230 ; 404801 ; 1  ;     ;      ;        ;08.05.18 ; Социалистическая, 35  ; ТП-2-25, мачта МТС                                   ; 53.678430; 23.833680;G
$;4;R  ;GR.; Гродно             ;v;;;;; 230 ; 404801 ;:51      ;;      ;        ;02.02.20 ; Социалистическая, 35  ; ТП-2-25, мачта МТС                                   ; 53.678430; 23.833680;G
$;4;R  ;GR.; Гродно              ;;;;;; 230 ; 404805 ; 123;     ;      ;        ;04.08.21 ; Полиграфистов, 2      ; областная типография, столб МТС                      ; 53.673400; 23.838800;
$;4;R  ;GR.; Гродно             ;v;;;;; 230 ; 404805 ;:51:52:53;;      ;        ;04.08.21 ; Полиграфистов, 2      ; областная типография, столб МТС                      ; 53.673400; 23.838800;
$;4;R  ;GR.; Гродно              ;;;;;; 233 ; 404807 ; 1  ; 233 ;404807;5   8   ;29.12.19 ; Фомичева, 18          ; башня 40м                                            ; 53.661362; 23.843843;G
$;4;R  ;GR.; Гродно             ;v;;;;; 233 ; 404807 ;:51:52   ;;      ;        ;20.03.20 ; Фомичева, 18          ; башня 40м                                            ; 53.661362; 23.843843;G
$;4;R  ;GR.; Гродно              ;;;;;; 230 ; 404809 ;  2 ;     ;      ;        ;29.12.19 ; Соломовой, 77а        ; автостоянка, столб                                   ; 53.669270; 23.790070;G
$;4;R  ;GR.; Гродно              ;;;;;; 234 ; 404811 ; 123; 234 ;404811;56  89  ;01.02.20 ; Господарчая, 10       ; КУП "ЖКХ Гродненского района", мачта                 ; 53.703200; 23.828500;G
$;4;R  ;GR.; Гродно             ;v;;;;; 234 ; 404811 ;:51   :53;;      ;        ;01.02.20 ; Господарчая, 10       ; КУП "ЖКХ Гродненского района", мачта                 ; 53.703200; 23.828500;G
$;4;R  ;GR.; Гродно              ;;;;;; 234 ; 404813 ; 123; 234 ;404813;56789:10;08.05.18 ; Брикеля, 8            ; ТЦ "Пегас", мачта МТС                                ; 53.701640; 23.844707;G
$;4;R  ;GR.; Гродно             ;v;;;;; 234 ; 404813 ;:51:52:53;;      ;        ;02.02.20 ; Брикеля, 8            ; ТЦ "Пегас", мачта МТС                                ; 53.701640; 23.844707;G
$;4;R  ;GR.; Гродно              ;;;;;; 233 ; 404814 ;    ; 233 ;404814;56789:10;08.05.23 ;                       ;
$;4;R  ;GR.; Гродно              ;;;;;; 230 ; 404815 ;    ; 230 ;404815;     :10;16.01.22 ; Коммунальная, 32      ; столб МТС? около складов                             ; 53.688400; 23.814300;
$;4;R  ;GR.; Гродно              ;;;;;;     ; 404818 ;    ; 230 ;404818;5  8    ;02.04.22 ; Гданьская, 14         ; теплоузел, мачта МТС                                 ; 53.663555; 23.816495;G
$;4;R  ;GR.; Гродно             ;v;;;;; 230 ; 404818 ;:51      ;;      ;        ;25.08.20 ; Гданьская, 14         ; теплоузел, мачта МТС                                 ; 53.663555; 23.816495;G
$;4;R  ;GR.; Гродно              ;;;;;; 230 ; 404821 ; 123; 230 ;404821;   7 :10;27.01.19 ; Гагарина, 41          ; ресторан "Топаз", мачта МТС                          ; 53.672720; 23.808370;G
$;4;R  ;GR.; Гродно             ;v;;;;; 230 ; 404821 ;:51:52:53;;      ;        ;16.04.20 ; Гагарина, 41          ; ресторан "Топаз", мачта МТС                          ; 53.672720; 23.808370;G
$;4;R  ;GR.; Гродно              ;;;;;; 233 ; 404822 ; 123; 233 ;404822;56789:10;29.12.16 ; Я.Купалы, 74а         ; ТП около детсада, мачта МТС                          ; 53.657330; 23.848410;G     
$;4;R  ;GR.; Гродно             ;v;;;;; 233 ; 404822 ;:51:52:53;;      ;        ;16.04.20 ; Я.Купалы, 74а         ; ТП около детсада, мачта МТС                          ; 53.657330; 23.848410;G
$;4;R  ;GR.; Гродно              ;;;;;; 234 ; 404891 ; 123;     ;      ;        ;29.12.19 ; Домбровского, 47      ; аптека, мачта МТС?                                   ; 53.705460; 23.797520;G 
$;4;R  ;GR.; Гродно             ;v;;;;; 234 ; 404891 ;:51:52:53;;      ;        ;16.04.20 ; Домбровского, 47      ; аптека, мачта МТС?                                   ; 53.705460; 23.797520;G
$;4;R  ;GR.; Гродно              ;;;;;; 230 ; 404899 ; 123; 230 ;404899;   8    ;29.12.19 ; Л.Чайкиной, 26        ; общежитие, мачта МТС?                                ; 53.662916; 23.786121;
$;4;R  ;GR.; Гродно             ;v;;;;; 230 ; 404899 ;   :52:53;;      ;        ;16.04.20 ; Л.Чайкиной, 26        ; общежитие, мачта МТС?                                ; 53.662916; 23.786121;
$;4;R  ;GR.; Гродно              ;;;;;; 237 ; 404963 ; 1  ;     ;      ;        ;20.08.18 ; Огинского, 16         ; столб МТС?                                           ; 53.617820; 23.815560;G
$;4;R  ;GR.; Гродно              ;;;;;; 234 ; 405013 ; 123; 234 ;405013;56789:10;26.09.18 ; Букетная, 5           ; столб МТС                                            ; 53.710220; 23.866400;G
$;4;R  ;GR.; Гродно             ;v;;;;; 234 ; 405013 ;:51:52:53;;      ;        ;16.04.20 ; Букетная, 5           ; столб МТС                                            ; 53.710220; 23.866400;G
$;4;R  ;GR.; Гродно              ;;;;;; 233 ; 405014 ;  2 ; 233 ;405014; 6 89   ;20.05.19 ; Кобяка, 10б           ; ТЦ "Серпантин", трипод МТС                           ; 53.645180; 23.848490;G
$;4;R  ;GR.; Гродно             ;v;;;;; 233 ; 405014 ;:51:52   ;;      ;        ;14.08.22 ; Кобяка, 10б           ; ТЦ "Серпантин", трипод МТС                           ; 53.645180; 23.848490;G
$;4;R  ;GR.; Гродно              ;;;;;; 233 ; 405018 ; 123; 233 ;405018; 6  9   ;08.05.18 ; Куйбышева, 1/1        ; мебельный магазин, мачта МТС                         ; 53.686390; 23.860600;G
$;4;R  ;GR.; Гродно             ;v;;;;; 233 ; 405018 ;:51:52:53;;      ;        ;01.02.20 ; Куйбышева, 1/1        ; мебельный магазин, мачта МТС                         ; 53.686390; 23.860600;G
$;4;R  ;GR.; Гродно              ;;;;;; 230 ; 405034 ; 123; 230 ;405034;5    :10;16.07.17 ; Коммунальная, 3       ; стадион, опора освещения 40м                         ; 53.689730; 23.820010;G
$;4;R  ;GR.; Гродно             ;v;;;;; 230 ; 405034 ;:51:52:53;;      ;        ;03.02.20 ; Коммунальная, 3       ; стадион, опора освещения 40м                         ; 53.689730; 23.820010;G 
$;4;R  ;GR.; Гродно              ;;;;;; 234 ; 405055 ; 123; 234 ;405055;5 7  :10;21.12.16 ; Дзержинского, 54      ; многоуровневый паркинг, триподы МТС                  ; 53.694200; 23.837880;G 
$;4;R  ;GR.; Гродно             ;v;;;;; 234 ; 405055 ;:51:52:53;;      ;        ;01.02.20 ; Дзержинского, 54      ; многоуровневый паркинг, триподы МТС                  ; 53.694200; 23.837880;G 
$;4;R  ;GR.; Гродно              ;;;;;; 233 ; 405061 ; 123; 233 ;405061;56789:10;30.07.19 ; пр-т Клецкова, 68а    ; ЦТП 7-87/1, мачта МТС                                ; 53.650990; 23.846560;G  
$;4;R  ;GR.; Гродно             ;v;;;;; 233 ; 405061 ;:51:52:53;;      ;        ;16.04.20 ; пр-т Клецкова, 68а    ; ЦТП 7-87/1, мачта МТС                                ; 53.650990; 23.846560;G  
$;4;R  ;GR.; Гродно              ;;;;;; 233 ; 405062 ; 123; 233 ;405062;5 78    ;23.12.16 ; Гая, 11               ; общежитие ОАО "Белкард", трипод МТС                  ; 53.662920; 23.839785;G
$;4;R  ;GR.; Гродно             ;v;;;;; 233 ; 405062 ;:51:52:53;;      ;        ;23.05.20 ; Гая, 11               ; общежитие ОАО "Белкард", трипод МТС                  ; 53.662920; 23.839785;G
$;4;R  ;GR.; Гродно              ;;;;;; 233 ; 405068 ; 123; 233 ;405068;56789:10;25.12.16 ; Лидская, 1            ; РЦ "Галактика", трипод МТС                           ; 53.674500; 23.851990;G
$;4;R  ;GR.; Гродно             ;v;;;;; 233 ; 405068 ;:51:52:53;;      ;        ;02.02.20 ; Лидская, 1            ; РЦ "Галактика", трипод МТС                           ; 53.674500; 23.851990;G
$;4;R  ;GR.; Гродно              ;;;;;; 234 ; 405085 ; 123; 234 ;405085;5 78 :10;21.12.16 ; Терешковой, 28        ; главный корпус УО "ГГАУ", триподы МТС?               ; 53.695150; 23.848520;G*
$;4;R  ;GR.; Гродно             ;v;;;;; 234 ; 405085 ;:51:52   ;;      ;        ;01.02.20 ; Терешковой, 28        ; главный корпус УО "ГГАУ", триподы МТС?               ; 53.695150; 23.848520;G*
$;4;R  ;GR.; Гродно              ;;;;;; 230 ; 405086 ;   3;     ;      ;        ;26.12.19 ; Фолюш, 15/201б?       ;  
$;4;R  ;GR.; Гродно              ;;;;;; 230 ; 405090 ; 1  ; 230 ;405090;5       ;26.12.19 ; Соломовой, 153?       ;  
$;4;R  ;GR.; Гродно             ;v;;;;; 230 ; 405090 ;:51      ;;      ;        ;16.04.20 ; Соломовой, 153?       ;  
$;4;R  ;GR.; Гродно              ;;;;;; 230 ; 405099 ; 123; 230 ;405099;5       ;26.03.19 ; Краснопартизанская, 53/Х ; промышленное здание, мачта МТС                    ; 53.676020; 23.812320;G
$;4;R  ;GR.; Гродно             ;v;;;;; 230 ; 405099 ;:51      ;;      ;        ;03.02.20 ; Краснопартизанская, 53/Х ; промышленное здание, мачта МТС                    ; 53.676020; 23.812320;G
$;4;R  ;GR.; Гродно              ;;;;;; 233 ; 405314 ; 123; 233 ;405314;56789:10;10.05.19 ; Вишневецкая, 1        ; опорная мачта МТС                                    ; 53.639430; 23.850490;G
$;4;R  ;GR.; Гродно              ;;;;;; 234 ; 405320 ; 1  ; 234 ;405320;5   8   ;17.17.17 ; Пушкина 31а           ; универсам "Алми", мачта МТС                          ; 53.696501; 23.834007;G 
$;4;R  ;GR.; Гродно             ;v;;;;; 234 ; 405320 ;:51:52:53;;      ;        ;01.02.20 ; Пушкина 31а           ; универсам "Алми", мачта МТС                          ; 53.696501; 23.834007;G 
$;4;R  ;GR.; Гродно              ;;;;;; 233 ; 405321 ; 123; 233 ;405321;5   8   ;29.12.16 ; скидельское шоссе, 13 ; ОАО "Союзпроммонтаж", опорная мачта МТС              ; 53.668877; 23.913044; 
$;4;R  ;GR.; Гродно             ;v;;;;; 233 ; 405321 ;:51   :53;;      ;        ;25.08.20 ; скидельское шоссе, 13 ; ОАО "Союзпроммонтаж", опорная мачта МТС              ; 53.668877; 23.913044; 
$;4;R  ;GR.; Гродно              ;;;;;; 233 ; 405328 ; 123; 233 ;405328;56789   ;01.02.20 ; Пролетарская, 50      ; медцентр "Комповид", мачта МТС                       ; 53.685501; 23.853763;G*
$;4;R  ;GR.; Гродно             ;v;;;;; 233 ; 405328 ;:51:52:53;;      ;        ;01.02.20 ; Пролетарская, 50      ; медцентр "Комповид", мачта МТС                       ; 53.685501; 23.853763;G*
$;4;R  ;GR.; Гродно              ;;;;;; 233 ; 405329 ; 12 ; 233 ;405329;     :10;26.09.18 ; Лидская, 15           ; ОАО "Гродномебель", мачта МТС                        ; 53.669460; 23.853765;G 
$;4;R  ;GR.; Гродно             ;v;;;;; 233 ; 405329 ;:51      ;;      ;        ;20.03.20 ; Лидская, 15           ; ОАО "Гродномебель", мачта МТС                        ; 53.669460; 23.853765;G 
$;4;R  ;GR.; Гродно             ;v;;;;; 233 ; 405345 ;      :53;;      ;        ;20.03.20 ; индурское шоссе       ; водозабор "Погораны", мачта                          ; 53.632970; 23.873030;G 
$;4;R  ;GR.; Гродно              ;;;;;; 234 ; 405380 ; 123;     ;      ;        ;08.05.18 ; БЛК, 13               ; общежитие, трипод МТС?                               ; 53.699369; 23.813920;G
$;4;R  ;GR.; Гродно             ;v;;;;; 234 ; 405380 ;:51:52:53;;      ;        ;16.04.20 ; БЛК, 13               ; общежитие, трипод МТС?                               ; 53.699369; 23.813920;G
$;4;R  ;GR.; Гродно              ;;;;;; 233 ; 405438 ; 123; 233 ;405438;56789:10;02.04.22 ; Кремко, 17            ; жилой дом, трипод МТС?                               ; 53.640000; 23.868210;G
$;4;R  ;GR.; Гродно              ;;;;;; 233 ; 405441 ;1 3 ; 233 ;405441;5  8    ;21.04.23 ; Фурсенко, 10а         ; магазин "Южный", мачта МТС                           ; 53.626405; 23.855745;G
$;4;R  ;GR.; Гродно              ;;;;;; 233 ; 405442 ; 123; 233 ;405442;56789:10;10.05.19 ; р-н ул.Вишневецкая    ;
$;4;R  ;GR.; Гродно              ;;;;;; 234 ; 405801 ; 12 ; 234 ;405801;56 89:10;25.12.16 ; БЛК, 5                ; ГрГУ, физико-технический ф-т, мачта МТС?             ; 53.700724; 23.815738;G 
$;4;R  ;GR.; Гродно              ;;;;;; 234 ; 405804 ; 123; 234 ;405804;5 78 :10;17.04.20 ; Горького, 121         ; УСК РБ по ГрО, трубостойки МТС?                      ; 53.715945; 23.813765;G*              
$;4;R  ;GR.; Гродно             ;v;;;;; 234 ; 405804 ;:51:52:53;;      ;        ;17.04.20 ; Горького, 121         ; УСК РБ по ГрО, трубостойки МТС?                      ; 53.715945; 23.813765;G*              
$;4;R  ;GR.; Гродно              ;;;;;; 230 ; 405805 ; 123; 230 ;405805;56 89   ;23.12.16 ; Сов.Пограничников, 115; больница, отдельные трубостойки                      ; 53.673550; 23.797486;G
$;4;R  ;GR.; Гродно             ;v;;;;; 230 ; 405805 ;:51      ;;      ;        ;16.04.20 ; Сов.Пограничников, 115; больница, отдельные трубостойки                      ; 53.673550; 23.797486;G
$;4;R  ;GR.; Гродно              ;;;;;; 233 ; 405806 ; 123; 233 ;405806;56789:10;10.02.17 ; Славинского, 13       ; общ.овощной фабрики, мачта МТС                       ; 53.647140; 23.825730;G
$;4;R  ;GR.; Гродно             ;v;;;;; 233 ; 405806 ;:51:52:53;;      ;        ;16.04.20 ; Славинского, 13       ; общ.овощной фабрики, мачта МТС                       ; 53.647140; 23.825730;G
$;4;R  ;GR.; Гродно              ;;;;;; 234 ; 405807 ; 123; 234 ;405807;  7  :10;11.05.18 ; БЛК, 44               ; ТЦ "Форты", мачта МТС                                ; 53.696583; 23.805171;G 
$;4;R  ;GR.; Гродно             ;v;;;;; 234 ; 405807 ;:51:52:53;;      ;        ;16.04.20 ; БЛК, 44               ; ТЦ "Форты", мачта МТС                                ; 53.696583; 23.805171;G 
$;4;R  ;GR.; Гродно              ;;;;;; 230 ; 405808 ; 1 3; 230 ;405808;     :10;23.12.16 ; Соломовой, 120а       ; общежитие, мачта                                     ; 53.655540; 23.781525;G
$;4;R  ;GR.; Гродно             ;v;;;;; 230 ; 405808 ;:51:52:53;;      ;        ;16.04.20 ; Соломовой, 120а       ; общежитие, мачта                                     ; 53.655540; 23.781525;G
$;4;R  ;GR.; Гродно              ;;;;;; 234 ; 405811 ; 123; 234 ;405811;5 78 :10;10.05.19 ; Лиможа, 44            ; общ. Гродненские тепловые сети, трипод МТС?          ; 53.713433; 23.847282; 
$;4;R  ;GR.; Гродно             ;v;;;;; 234 ; 405811 ;:51   :53;;      ;        ;02.02.20 ; Лиможа, 44            ; общ. Гродненские тепловые сети, трипод МТС?          ; 53.713433; 23.847282; 
$;4;R  ;GR.; Гродно              ;;;;;; 233 ; 405812 ;    ; 233 ;405812;56789:10;10.05.19 ; Славинского, 2        ; в/ч 97035, клуб, мачта МТС                           ; 53.643945; 23.838514;G
$;4;R  ;GR.; Гродно             ;v;;;;; 233 ; 405812 ;   :52   ;;      ;        ;14.08.22 ; Славинского, 2        ; в/ч 97035, клуб, мачта МТС                           ; 53.643945; 23.838514;G
$;4;R  ;GR.; Гродно              ;;;;;; 233 ; 405813 ; 12 ;     ;      ;        ;25.09.18 ; мкрн.Погораны-Кошевники; опорная мачта МТС?                                  ; 53.633775; 23.903065;G
$;4;R  ;GR.; Гродно             ;v;;;;; 233 ; 405813 ;:51:52   ;;      ;        ;16.01.22 ; мкрн.Погораны-Кошевники; опорная мачта МТС?                                  ; 53.633775; 23.903065;G
$;4;R  ;GR.; Гродно              ;;;;;; 234 ; 405814 ; 123;     ;      ;        ;28.12.19 ; Домбровского, 23а     ; одноэтажное здание, мачта МТС?                       ; 53.702370; 23.799106;G  
$;4;R  ;GR.; Гродно             ;v;;;;; 234 ; 405814 ;:51:52:53;;      ;        ;16.04.20 ; Домбровского, 23а     ; одноэтажное здание, мачта МТС?                       ; 53.702370; 23.799106;G  
$;4;R  ;GR.; Гродно              ;;;;;; 236 ; 405815 ;  3 ;     ;      ;        ;11.05.19 ; мкр-н Зарица          ; опорная мачта МТС?                                   ; 53.753520; 23.838640;G 
$;4;R  ;GR.; Гродно              ;;;;;; 234 ; 405818 ; 123; 234 ;405818;567  :10;25.12.16 ; Лиможа, 30            ; дискаунтер "Евроопт", мачта МТС                      ; 53.708410; 23.847810;G*
$;4;R  ;GR.; Гродно             ;v;;;;; 234 ; 405818 ;:51:52:53;;      ;        ;02.02.20 ; Лиможа, 30            ; дискаунтер "Евроопт", мачта МТС                      ; 53.708410; 23.847810;G*
$;4;R  ;GR.; Гродно              ;;;;;; 233 ; 406031 ;:11:12:13;;      ;        ;16.01.22 ; пр-кт Я.Купалы, 87    ; ТЦ "Тринити", внутри                                 ; 53.649887; 23.854633;G
$;4;R  ;GR.; Гродно             ;v;;;;; 233 ; 406031 ;:61:62:63;;      ;        ;16.01.22 ; пр-кт Я.Купалы, 87    ; ТЦ "Тринити", внутри                                 ; 53.649887; 23.854633;G
$;4;R  ;GR.; Гродно              ;;;;;; 234 ; 406095 ;1   ; 234 ;406095;5       ;25.09.21 ; Терешковой, 20Б       ; общежитие, мачта МТС?                                ; 53.696699; 23.843300;G
$;4;R  ;GR.; Гродно             ;v;;;;; 234 ; 406095 ;:51      ;;      ;        ;25.09.21 ; Терешковой, 20Б       ; общежитие, мачта МТС?                                ; 53.696699; 23.843300;G
$;4;R  ;GR.; Гродно             ;v;;;;; 233 ; 406332 ;:51:52:53;;      ;        ;23.10.22 ; пр-т Клецкова, 98а    ; ЦТП 10-91, мачта МТС                                 ; 53.655856; 23.853131;G

/;Гродненская область
$;4;R  ;GRO; Слоним              ;;;;;; 232 ; 400736 ; 123; 232 ;400736;5 78 :10;29.06.18 ; Брестская, 40         ; ОАО "Фабрика худ. изделий", мачта МТС                ; 53.088240; 25.307220;G
$;4;R  ;GRO; Слоним             ;v;;;;; 232 ; 400736 ;:51:52:53;;      ;        ;01.02.20 ; Брестская, 40         ; ОАО "Фабрика худ. изделий", мачта МТС                ; 53.088240; 25.307220;G
$;4;R  ;GRO; Кореличи	         ;;;;;; 235 ; 400771 ; 123;     ;      ;        ;23.03.19 ; Артюха, 13	          ; строительный проф.лицей, мачта МТС                   ; 53.576190; 26.143040;G
$;4;R  ;GRO; Слоним              ;;;;;; 232 ; 400791 ; 123; 232 ;400791;5  8    ;29.06.18 ; Коссовский тр.,100    ; ТЦ "Дружба", клуб "Оскар", трипод МТС                ; 53.070339; 25.311663;G
$;4;R  ;GRO; Слоним             ;v;;;;; 232 ; 400791 ;:51:52:53;;      ;        ;29.06.18 ; Коссовский тр.,100    ; ТЦ "Дружба", клуб "Оскар", трипод МТС                ; 53.070339; 25.311663;G
$;4;R  ;GRO; Б.Берестовица       ;;;;;; 232 ; 400835 ; 123; 232 ;400835; 67 9:10;08.04.22 ; Ленина, 10            ; ЦРБ, мачта МТС?                                      ; 53.196000; 24.018680;G
$;4;R  ;GRO; Б.Берестовица      ;v;;;;; 232 ; 400835 ;:51:52:53;;      ;        ;08.04.22 ; Ленина, 10            ; ЦРБ, мачта МТС?                                      ; 53.196000; 24.018680;G
$;4;R  ;GRO; Свислочь            ;;;;;; 232 ; 400836 ; 123; 232 ;400836;  7  :10;16.04.22 ; Кирова, 2             ; ЦРБ, труба котельной                                 ; 53.033184; 24.094181;G
$;4;R  ;GRO; Свислочь           ;v;;;;; 232 ; 400836 ;:51:52:53;;      ;        ;16.04.22 ; Кирова, 2             ; ЦРБ, труба котельной                                 ; 53.033184; 24.094181;G
$;4;R  ;GRO; Волковыск           ;;;;;; 232 ; 400837 ; 123; 232 ;400837; 67 9:10;08.05.18 ; С.Панковой, 58        ; общежитие, мачта МТС                                 ; 53.167903; 24.446406;G
$;4;R  ;GRO; Волковыск          ;v;;;;; 232 ; 400837 ;      :53;;      ;        ;01.02.20 ; С.Панковой, 58        ; общежитие, мачта МТС                                 ; 53.167903; 24.446406;G
$;4;R  ;GRO; Волковыск           ;;;;;; 232 ; 400838 ; 1    ;   ;      ;        ;30.07.22 ; Зенитчиков, 27        ; автобусный парк N4, мачта                            ; 53.149210; 24.462020;G
$;4;R  ;GRO; Лида                ;;;;;; 237 ; 400840 ; 123; 237 ;400840;56789:10;24.02.17 ; Рыбиновского, 20	  ; общежитие, мачта МТС                                 ; 53.897138; 25.271376;G
$;4;R  ;GRO; Лида               ;v;;;;; 237 ; 400840 ;:51:52:53;;      ;        ;11.01.20 ; Рыбиновского, 20	  ; общежитие, мачта МТС                                 ; 53.897138; 25.271376;G
$;4;R  ;GRO; Мыто                    ;; 237 ; 400845 ;:21:22:23;;;;  ;;;        ;19.01.24 ; Лидский р-н           ; М6, РТПС                                             ; 53.827724; 25.120615;G
$;4;R  ;GRO; Морино                  ;; 237 ; 400847 ;:21:22:23;;;;  ;;;        ;03.01.24 ; Ивьевский р-н         ; М6, башня 70м                                        ; 53.878118; 25.700626;G
$;4;R  ;GRO; Лугомовичи              ;; 235 ; 400848 ;:21:22:23;;;;  ;;;        ;03.01.24 ; Ивьевский р-н         ; М6, башня 70м                                        ; 53.893418; 25.959403;G
$;4;R  ;GRO; Бакшты                  ;; 235 ; 400849 ;:21   :23;;;;  ;;;        ;03.01.24 ; Ивьевский р-н         ; М6, башня 70м                                        ; 53.945152; 26.189252;G
$;4;R  ;GRO; Новогрудок          ;;;;;; 236 ; 400850 ; 123; 236 ;400850; 67 9:10;21.09.18 ; Мицкевича, 3          ; дом быта, мачта МТС                                  ; 53.595521; 25.823319;G
$;4;R  ;GRO; Новогрудок         ;v;;;;; 236 ; 400850 ;:51:52:53;;      ;        ;10.01.20 ; Мицкевича, 3          ; дом быта, мачта МТС                                  ; 53.595521; 25.823319;G
$;4;R  ;GRO; Новогрудок          ;;;;;; 236 ; 400854 ; 123; 236 ;400854;5  8    ;21.09.18 ; Волчецкого, 51а       ; поликлиника, мачта МТС                               ; 53.594435; 25.810851;G
$;4;R  ;GRO; Новогрудок         ;v;;;;; 236 ; 400854 ;:51:53   ;;      ;        ;10.01.20 ; Волчецкого, 51а       ; поликлиника, мачта МТС                               ; 53.594435; 25.810851;G
$;4;R  ;GRO; Лида                ;;;;;; 237 ; 400861 ; 123; 237 ;400861;56789:10;24.02.17 ; Советская, 45         ; общежитие завода электроизделий, трубостойки МТС     ; 53.898902; 25.296503;G
$;4;R  ;GRO; Лида               ;v;;;;; 237 ; 400861 ;:51:52:53;;      ;        ;11.01.20 ; Советская, 45         ; общежитие завода электроизделий, трубостойки МТС     ; 53.898902; 25.296503;G
$;4;R  ;GRO; Лида                ;;;;;; 237 ; 400862 ; 123; 237 ;400862;56789:10;24.02.17 ; Замковая, 6           ; общежитие СМТ-19, трубостойки МТС                    ; 53.887591; 25.300827;G
$;4;R  ;GRO; Лида               ;v;;;;; 237 ; 400862 ;:51:52:53;;      ;        ;11.01.20 ; Замковая, 6           ; общежитие СМТ-19, трубостойки МТС                    ; 53.887591; 25.300827;G
$;4;R  ;GRO; Лида                ;;;;;; 237 ; 400863 ; 123; 237 ;400863;  7  :10;11.01.20 ; пр-т Победы, 168Б     ; ООО "Лидатехноком", мачта МТС                        ; 53.865389; 25.319744;G
$;4;R  ;GRO; Лида               ;v;;;;; 237 ; 400863 ;:51:52:53;;      ;        ;11.01.20 ; пр-т Победы, 168Б     ; ООО "Лидатехноком", мачта МТС                        ; 53.865389; 25.319744;G
$;4;R  ;GRO; Мосты               ;;;;;; 231 ; 400866 ; 123; 231 ;400866;5 789:10;08.05.18 ; Советская, 55         ; ЦРБ, мачта МТС                                       ; 53.416700; 24.553027;G
$;4;R  ;GRO; Мосты              ;v;;;;; 231 ; 400866 ;:51:52:53;;      ;        ;10.04.20 ; Советская, 55         ; ЦРБ, мачта МТС                                       ; 53.416700; 24.553027;G
$;4;R  ;GRO; Сморгонь            ;;;;;; 235 ; 400877 ; 123; 235 ;400877;56789:10;12.08.18 ; Советская, 29         ; гостиница, мачта МТС                                 ; 54.481445; 26.393755;G
$;4;R  ;GRO; Сморгонь           ;v;;;;; 235 ; 400877 ;:51:52:53;;      ;        ;28.08.21 ; Советская, 29         ; гостиница, мачта МТС                                 ; 54.481445; 26.393755;G
$;4;R  ;GRO; Ошмяны              ;;;;;; 235 ; 400878 ; 123; 235 ;400878;56  89  ;09.09.18 ; Я.Коласа, 6           ; башня РЭС 40м                                        ; 54.428177; 25.927284;G 
$;4;R  ;GRO; Ошмяны             ;v;;;;; 235 ; 400878 ;:51:52:53;;      ;        ;24.01.20 ; Я.Коласа, 6           ; башня РЭС 40м                                        ; 54.428177; 25.927284;G 
$;4;R  ;GRO; Щучин               ;;;;;; 231 ; 400869 ; 123; 231 ;400869;56789:10;26.06.18 ; Советская, 4          ; дом культуры, отд.трубостойки                        ; 53.606957; 24.742177;G
$;4;R  ;GRO; Щучин              ;v;;;;; 231 ; 400869 ;:51:52:53;;      ;        ;20.03.20 ; Советская, 4          ; дом культуры, отд.трубостойки                        ; 53.606957; 24.742177;G
$;4;R  ;GRO; Сморгонь            ;;;;;; 235 ; 400887 ; 123; 235 ;400887;56789:10;12.08.18 ; Юбилейная, 31         ; общежитие, трипод МТС                                ; 54.476785; 26.413255;G
$;4;R  ;GRO; Сморгонь           ;v;;;;; 235 ; 400887 ;:51:52:53;;      ;        ;28.08.21 ; Юбилейная, 31         ; общежитие, трипод МТС                                ; 54.476785; 26.413255;G
$;4;R  ;GRO; Вороново            ;;;;;; 231 ; 400890 ; 123; 231 ;400890;56789:10;20.06.18 ; Советская, 31         ; магазин "Универмаг", мачта МТС                       ; 54.149498; 25.317049;G
$;4;R  ;GRO; Вороново           ;v;;;;; 231 ; 400890 ;:51:52:53;;      ;        ;16.10.21 ; Советская, 31         ; магазин "Универмаг", мачта МТС                       ; 54.149498; 25.317049;G
$;4;R  ;GRO; Островец            ;;;;;; 235 ; 401118 ; 123; 235 ;401118;5  8    ;18.03.18 ; Строителей, 1         ; столб МТС                                            ; 54.615327; 25.975523;G
$;4;R  ;GRO; Островец           ;v;;;;; 235 ; 401118 ;:51:52:53;;      ;        ;31.07.22 ; Строителей, 1         ; столб МТС                                            ; 54.615327; 25.975523;G
$;4;R  ;GRO; Новогрудок          ;;;;;; 236 ; 401131 ; 123; 236 ;401131;56789:10;20.08.18 ; Мицкевича, 126        ; в/ч 75158, башня МО, 70м                             ; 53.582044; 25.796579;G 
$;4;R  ;GRO; Новогрудок         ;v;;;;; 236 ; 401131 ;:51:52:53;;      ;        ;10.01.20 ; Мицкевича, 126        ; в/ч 75158, башня МО, 70м                             ; 53.582044; 25.796579;G 
$;4;R  ;GRO; Щучин               ;;;;;; 231 ; 401164 ; 123; 231 ;401164;56789:10;20.08.18 ; Рудого, 3             ; столб МТС                                            ; 53.593307; 24.725026;G
$;4;R  ;GRO; Щучин              ;v;;;;; 231 ; 401164 ;:51:52:53;;      ;        ;20.03.20 ; Рудого, 3             ; столб МТС                                            ; 53.593307; 24.725026;G
$;4;R  ;GRO; Лида                ;;;;;; 237 ; 401221 ; 123; 237 ;401221;56789:10;17.07.18 ; Южный Городок, 6а     ; магазин "Вираж", мачта МТС                           ; 53.874256; 25.343270;G
$;4;R  ;GRO; Лида               ;v;;;;; 237 ; 401221 ;:51:52:53;;      ;        ;11.01.20 ; Южный Городок, 6а     ; магазин "Вираж", мачта МТС                           ; 53.874256; 25.343270;G
$;4;R  ;GRO; Слоним              ;;;;;; 232 ; 401446 ;123 ; 232 ;401446; 67 9:10;29.12.23 ; Черняховского, 9а?    ; баня, мачта МТС                                      ; 53.078951; 25.329365;G
$;4;R  ;GRO; Слоним             ;v;;;;; 232 ; 401446 ;:51:52:53;;      ;        ;20.10.20 ; Черняховского, 9а?    ; баня, мачта МТС                                      ; 53.078951; 25.329365;G
$;4;R  ;GRO; Мосты               ;;;;;; 231 ; 401493 ; 1 3;     ;      ;        ;03.08.21 ; Ленина, 2             ; универмаг, мачта МТС                                 ; 53.413183; 24.542099;G
$;4;R  ;GRO; Мосты              ;v;;;;; 231 ; 401493 ;      :53;;      ;        ;24.08.20 ; Ленина, 2             ; универмаг, мачта МТС                                 ; 53.413183; 24.542099;G
$;4;R  ;GRO; Сморгонь            ;;;;;; 235 ; 401496 ; 123;     ;      ;        ;28.08.21 ; Победы, 14            ; котельная N2, труба                                  ; 54.483545; 26.380576;G
$;4;R  ;GRO; Сморгонь           ;v;;;;; 235 ; 401496 ;:51:52:53;;      ;        ;28.08.21 ; Победы, 14            ; котельная N2, труба                                  ; 54.483545; 26.380576;G
$;4;R  ;GRO; Сморгонь            ;;;;;; 235 ; 401497 ; 123; 235 ;401497;56789:10;28.08.21 ; пер.Больничный, 13    ; поликлиника ЦРБ, мачта МТС                           ; 54.489020; 26.404914;G
$;4;R  ;GRO; Сморгонь           ;v;;;;; 235 ; 401497 ;:51:52:53;;      ;        ;28.08.21 ; пер.Больничный, 13    ; поликлиника ЦРБ, мачта МТС                           ; 54.489020; 26.404914;G
$;4;R  ;GRO; Раковцы                 ;; 235 ; 401560 ;   :22   ;;;;  ;;;        ;28.04.24 ; Сморгонский р-н       ; опорная мачта МТС                                    ; 54.280610; 26.313244;G
$;4;R  ;GRO; Лида                ;;;;;; 237 ; 401604 ; 123; 237 ;401604;56789:10;03.02.20 ; Черняховского, 30     ; общежитие обувной фабрики, триподы МТС               ; 53.893752; 25.287260;G
$;4;R  ;GRO; Лида               ;v;;;;; 237 ; 401604 ;:51:52:53;;      ;        ;03.02.20 ; Черняховского, 30     ; общежитие обувной фабрики, триподы МТС               ; 53.893752; 25.287260;G
$;4;R  ;GRO; Волковыск           ;;;;;; 232 ; 401614 ;  23;     ;      ;        ;01.02.20 ; Советская, 34         ; мачта МТС                                            ; 53.162990; 24.470390;G
$;4;R  ;GRO; Волковыск          ;v;;;;; 232 ; 401614 ;   :52:53;;      ;        ;25.08.20 ; Советская, 34         ; мачта МТС                                            ; 53.162990; 24.470390;G
$;4;R  ;GRO; Лида                ;;;;;; 237 ; 401646 ; 123; 237 ;401646;56789:10;11.01.20 ; Фурманова, 17         ; ОАО "Лидаагротехсервис", мачта МТС                   ; 53.869912; 25.294722;G
$;4;R  ;GRO; Лида               ;v;;;;; 237 ; 401646 ;:51:52:53;;      ;        ;11.01.20 ; Фурманова, 17         ; ОАО "Лидаагротехсервис", мачта МТС                   ; 53.869912; 25.294722;G
$;4;R  ;GRO; Островец            ;;;;;; 235 ; 401657 ; 1 3;     ;      ;        ;30.08.22 ; Кветковая, 4          ; ФОК, мачта МТС                                       ; 54.605489; 25.971626;G 
$;4;R  ;GRO; Островец           ;v;;;;; 235 ; 401657 ;:51   :53;;      ;        ;30.08.22 ; Кветковая, 4          ; ФОК, мачта МТС                                       ; 54.605489; 25.971626;G 
$;4;R  ;GRO; Волковыск           ;;;;;; 232 ; 401675 ;   3; 232 ;401675;  7     ;01.02.20 ; Боричевского, 14      ; столб МТС                                            ; 53.162540; 24.440350;G
$;4;R  ;GRO; Волковыск          ;v;;;;; 232 ; 401675 ;      :53;;      ;        ;01.02.20 ; Боричевского, 14      ; столб МТС                                            ; 53.162540; 24.440350;G
$;4;R  ;GRO; Волковыск           ;;;;;; 232 ; 401684 ; 12 ; 232 ;401684;56      ;01.02.20 ; Калинина, 9/5         ; ГГАУ, мачта МТС                                      ; 53.163680; 24.450510;G
$;4;R  ;GRO; Волковыск          ;v;;;;; 232 ; 401684 ;:51:52   ;;      ;        ;01.02.20 ; Калинина, 9/5         ; ГГАУ, мачта МТС                                      ; 53.163680; 24.450510;G
$;4;R  ;GRO; Лида                ;;;;;; 237 ; 401686 ; 123; 237 ;401686;56789:10;13.01.20 ; Я.Купалы, 1           ; дом культуры, отдельные триподы                      ; 53.891481; 25.306962;G
$;4;R  ;GRO; Лида               ;v;;;;; 237 ; 401686 ;:51:52:53;;      ;        ;13.01.20 ; Я.Купалы, 1           ; дом культуры, отдельные триподы                      ; 53.891481; 25.306962;G
$;4;R  ;GRO; Лида                ;;;;;; 237 ; 401689 ; 123; 237 ;401689;56789:10;13.01.20 ; Игнатова, 71          ; ОАО Лакокраска, мачта МТС                            ; 53.908493; 25.312918;G
$;4;R  ;GRO; Лида               ;v;;;;; 237 ; 401689 ;:51:52:53;;      ;        ;11.01.20 ; Игнатова, 71          ; ОАО Лакокраска, мачта МТС                            ; 53.908493; 25.312918;G
$;4;R  ;GRO; Дамовцы                 ;; 237 ; 401790 ;:21:22:23;;;;  ;;;        ;18.02.24 ; Щучинский р-н         ; башня 70м                                            ; 53.686093; 24.906649;G
$;4;R  ;GRO; АЭС                 ;;;;;; 235 ; 402285 ; 123; 235 ;402285;56789:10;18.03.18 ; Островецкий р-н       ; мачта МТС                                            ; 54.752528; 26.087251;G
$;4;R  ;GRO; АЭС                ;v;;;;; 235 ; 402285 ;   :52:53;;      ;        ;31.07.22 ; Островецкий р-н       ; мачта МТС                                            ; 54.752528; 26.087251;G
$;4;R  ;GRO; Слоним              ;;;;;; 232 ; 402737 ;  23;     ;      ;        ;29.06.18 ; Фабричная, 1          ; ОАО "Альбертин", мачта МТС                           ; 53.082420; 25.391054;G
$;4;R  ;GRO; Слоним             ;v;;;;; 232 ; 402737 ;   :52:53;;      ;        ;01.02.20 ; Фабричная, 1          ; ОАО "Альбертин", мачта МТС                           ; 53.082420; 25.391054;G
$;4;R  ;GRO; Слоним              ;;;;;; 232 ; 402738 ; 123; 232 ;402738;  7  :10;27.10.17 ; Красноармейская, 73   ; РУП "авторемонтный завод", мачта МТС                 ; 53.084335; 25.323253;G
$;4;R  ;GRO; Слоним             ;v;;;;; 232 ; 402738 ;:51:52:53;;      ;        ;15.10.20 ; Красноармейская, 73   ; РУП "авторемонтный завод", мачта МТС                 ; 53.084335; 25.323253;G
$;4;R  ;GRO; Великое Село            ;; 237 ; 402842 ;:21:22:23;;;;  ;;;        ;03.09.23 ; Лидский р-н           ; М11, совм.башня 70м                                  ; 53.997326; 25.210962;G
$;4;R  ;GRO; Гончары                 ;; 237 ; 402843 ;:21:22:23;;;;  ;;;        ;22.01.24 ; Лидский р-н           ; М11, башня 70м                                       ; 53.737474; 25.401769;G
$;4;R  ;GRO; Дятлово            ;v;;;;; 232 ; 402848 ;:51      ;;      ;        ;13.04.20 ; Энергетичная, 7       ; башня РЭС                                            ; 53.466393; 25.385435;G
$;4;R  ;GRO; Ивье                ;;;;;; 235 ; 402850 ; 123;     ;      ;        ;25.05.18 ; пл.Комсомольская, 2   ; РУЭС, мачта МТС                                      ; 53.931385; 25.769125;G
$;4;R  ;GRO; Ивье               ;v;;;;; 235 ; 402850 ;:51:52:53;;      ;        ;01.03.20 ; пл.Комсомольская, 2   ; РУЭС, мачта МТС                                      ; 53.931385; 25.769125;G
$;4;R  ;GRO; Зельва              ;;;;;; 232 ; 402860 ; 123;     ;      ;        ;27.06.18 ; пер.Больничный, 5     ; ЦРБ, мачта МТС                                       ; 53.148308; 24.824616;G
$;4;R  ;GRO; Зельва             ;v;;;;; 232 ; 402860 ;:51:52:53;;      ;        ;01.02.20 ; пер.Больничный, 5     ; ЦРБ, мачта МТС                                       ; 53.148308; 24.824616;G
$;4;D  ;GRO; Лида                ;;;;;; 231 ; 402861 ; 123;     ;      ;        ;24.02.17 ; Фурманова, 17а      ; ОАО "Лида-Агротехсервис", мачта МТС, дем. осенью 2018г.; 53.869417; 25.293180;G
$;4;R  ;GRO; Лида                ;;;;;; 237 ; 402862 ; 123; 237 ;402862;56789:10;24.02.17 ; Кирова, 19            ; поликлиника, мачта МТС                               ; 53.893089; 25.294921;G
$;4;R  ;GRO; Лида               ;v;;;;; 237 ; 402862 ;:51:52:53;;      ;        ;11.01.20 ; Кирова, 19            ; поликлиника, мачта МТС                               ; 53.893089; 25.294921;G
$;4;R  ;GRO; Лида                ;;;;;; 237 ; 402863 ; 123; 237 ;402863;56789:10;24.02.17 ; Мицкевича, 38/3       ; общежитие, триподы МТС                               ; 53.898485; 25.313069;G
$;4;R  ;GRO; Лида               ;v;;;;; 237 ; 402863 ;:51:52:53;;      ;        ;11.01.20 ; Мицкевича, 38/3       ; общежитие, триподы МТС                               ; 53.898485; 25.313069;G
$;4;R  ;GRO; Островец            ;;;;;; 235 ; 402871 ; 123; 235 ;402871;56789:10;24.05.18 ; К.Маркса, 1           ; дом быта, мачта МТС                                  ; 54.616537; 25.959370;G 
$;4;R  ;GRO; Островец           ;v;;;;; 235 ; 402871 ;:51:52:53;;      ;        ;24.01.20 ; К.Маркса, 1           ; дом быта, мачта МТС                                  ; 54.616537; 25.959370;G 
$;4;R  ;GRO; Волковыск           ;;;;;; 232 ; 402872 ; 12 ; 232 ;402872;56789:10;08.05.18 ; Ленина, 15            ; башня РЭС                                            ; 53.161437; 24.460389;G 
$;4;R  ;GRO; Волковыск          ;v;;;;; 232 ; 402872 ;:51:52   ;;      ;        ;01.02.20 ; Ленина, 15            ; башня РЭС                                            ; 53.161437; 24.460389;G 
$;4;R  ;GRO; Волковыск           ;;;;;; 232 ; 402873 ; 123;     ;      ;        ;08.05.18 ; Красноармейская, 23   ; ОАО "ВолМет", мачта МТС                              ; 53.155874; 24.433212;G 
$;4;R  ;GRO; Волковыск          ;v;;;;; 232 ; 402873 ;:51:52:53;;      ;        ;01.02.20 ; Красноармейская, 23   ; ОАО "ВолМет", мачта МТС                              ; 53.155874; 24.433212;G 
$;4;R  ;GRO; Сморгонь            ;;;;;; 235 ; 402877 ; 123; 235 ;402877;56789:10;08.08.18 ; Индустриальный пр-т, 7; хлебозавод, мачта МТС                                ; 54.509210; 26.367890;G
$;4;R  ;GRO; Сморгонь           ;v;;;;; 235 ; 402877 ;:51:52:53;;      ;        ;28.08.21 ; Индустриальный пр-т, 7; хлебозавод, мачта МТС                                ; 54.509210; 26.367890;G
$;4;R  ;GRO; Ратичи                  ;; 238 ; 404060 ;:21:22:23;;;;  ;;;        ;06.11.23 ; Гродненский р-н       ; Новая 3, магазин, мачта                              ; 53.770197; 23.658069;G
$;4;R  ;GRO; Новогрудок          ;;;;;; 236 ; 404826 ; 123;     ;      ;        ;21.09.18 ; Мицкевича, 49         ; МПМК-157, опорная мачта МТС                          ; 53.586267; 25.812688;G
$;4;R  ;GRO; Новогрудок         ;v;;;;; 236 ; 404826 ;:51:52:53;;      ;        ;10.01.20 ; Мицкевича, 49         ; МПМК-157, опорная мачта МТС                          ; 53.586267; 25.812688;G
$;4;R  ;GRO; Слоним              ;;;;;; 232 ; 404832 ; 123; 232 ;404832;   7 :10;29.06.18 ; Маяковского, 5        ; РУЭС, мачта МТС                                      ; 53.096348; 25.320214;G
$;4;R  ;GRO; Слоним             ;v;;;;; 232 ; 404832 ;:51:52:53;;      ;        ;01.02.20 ; Маяковского, 5        ; РУЭС, мачта МТС                                      ; 53.096348; 25.320214;G
$;4;R  ;GRO; Головачи                ;; 238 ; 404841 ;:21:22:23;;;;  ;;;        ;18.02.24 ; Гродненский р-н       ; башня 70м                                            ; 53.641203; 24.260774;G
$;4;R  ;GRO; Б.Карныши               ;; 236 ; 404845 ;:21      ;;;;  ;;;        ;03.01.24 ; Новогрудский р-н      ; башня 70м                                            ; 53.670030; 25.816435;G
$;4;R  ;GRO; Скирстины               ;; 235 ; 404857 ;      :23;;;;  ;;;        ;27.04.24 ; Ошмянский р-н         ; башня МТС 70м                                        ; 54.549857; 25.998451;G
$;4;R  ;GRO; Лида                ;;;;;; 237 ; 404862 ; 123; 237 ;404862;56789:10;24.02.17 ; Летная, 4             ; ТЦ "Потсдам", мачта МТС                              ; 53.878870; 25.329859;G
$;4;R  ;GRO; Лида               ;v;;;;; 237 ; 404862 ;:51:52:53;;      ;        ;11.01.20 ; Летная, 4             ; ТЦ "Потсдам", мачта МТС                              ; 53.878870; 25.329859;G
$;4;R  ;GRO; Мосты               ;;;;;; 231 ; 404863 ; 123;     ;      ;        ;08.05.18 ; Занеманская, 53       ; тароремонтное предприятие, опорная мачта МТС         ; 53.409517; 24.526082;G
$;4;R  ;GRO; Мосты              ;v;;;;; 231 ; 404863 ;:51:52:53;;      ;        ;01.02.20 ; Занеманская, 53       ; тароремонтное предприятие, опорная мачта МТС         ; 53.409517; 24.526082;G
$;4;R  ;GRO; Лида                ;;;;;; 237 ; 404864 ; 123; 237 ;404864;56789:10;24.02.17 ; Чапаева, 3            ; АТС, автовокзал, трипод МТС                          ; 53.884775; 25.295768;G
$;4;R  ;GRO; Лида               ;v;;;;; 237 ; 404864 ;:51:52:53;;      ;        ;11.01.20 ; Чапаева, 3            ; АТС, автовокзал, трипод МТС                          ; 53.884775; 25.295768;G
$;4;R  ;GRO; Мосты               ;;;;;; 231 ; 404867 ; 123;     ;      ;        ;01.08.18 ; 30 лет ВЛКСМ, 165     ; цех меб.производства "Байдимэкс", мачта МТС          ; 53.426080; 24.536870;G
$;4;R  ;GRO; Мосты              ;v;;;;; 231 ; 404867 ;:51:52:53;;      ;        ;01.02.20 ; 30 лет ВЛКСМ, 165     ; цех меб.производства "Байдимэкс", мачта МТС          ; 53.426080; 24.536870;G
$;4;R  ;GRO; Щучин               ;;;;;; 231 ; 404869 ; 123; 231 ;404869;56789:10;26.06.18 ; Мичурина, 22          ; ЦРБ, мачта МТС                                       ; 53.602457; 24.729345;G
$;4;R  ;GRO; Щучин              ;v;;;;; 231 ; 404869 ;:51:52:53;;      ;        ;08.01.22 ; Мичурина, 22          ; ЦРБ, мачта МТС                                       ; 53.602457; 24.729345;G
$;4;R  ;GRO; Рытань                  ;; 235 ; 404874 ;:21:22:23;;;;  ;;;        ;26.04.24 ; Островецкий р-н       ; башня МТС 70м                                        ; 54.844119; 25.962388;G
$;4;R  ;GRO; Ошмяны              ;;;;;; 235 ; 404878 ; 123; 235 ;404878;56789:10;24.05.18 ; Советская, 13         ; общежитие колледжа, мачта МТС                        ; 54.429923; 25.955115;G
$;4;R  ;GRO; Ошмяны             ;v;;;;; 235 ; 404878 ;:51:52:53;;      ;        ;24.01.20 ; Советская, 13         ; общежитие колледжа, мачта МТС                        ; 54.429923; 25.955115;G
$;4;R  ;GRO; Боярки                  ;; 237 ; 404884 ;:21      ;;;;  ;;;        ;26.01.24 ; Лидский р-н           ; ферма, опорная мачта МТС                             ; 53.625682; 25.109829;G
$;4;R  ;GRO; Щучин               ;;;;;; 231 ; 404885 ; 123; 231 ;404885;56789:10;09.02.18 ; Тимирязева, 3         ; гроднооблтопливо, опорная мачта МТС                  ; 53.594097; 24.746822;G
$;4;R  ;GRO; Щучин              ;v;;;;; 231 ; 404885 ;:51:52:53;;      ;        ;20.03.20 ; Тимирязева, 3         ; гроднооблтопливо, опорная мачта МТС                  ; 53.594097; 24.746822;G
$;4;R  ;GRO; Еремеевичи              ;; 237 ; 404889 ;:21:22:23;;;;  ;;;        ;18.02.24 ; Лидский р-н           ; совм.башня 70м                                       ; 53.752453; 25.210238;G
$;4;R  ;GRO; Лида                ;;;;;; 237 ; 404890 ; 123; 237 ;404890;56789:10;19.08.18 ; Красноармейская, 106  ; автостоянка, опорная мачта МТС                       ; 53.892902; 25.256388;G
$;4;R  ;GRO; Лида               ;v;;;;; 237 ; 404890 ;:51:52:53;;      ;        ;11.01.20 ; Красноармейская, 106  ; автостоянка, опорная мачта МТС                       ; 53.892902; 25.256388;G
$;4;R  ;GRO; Жиличи                  ;; 231 ; 405301 ;:21:22:23;;;;  ;;;        ;18.02.24 ; Гродненский р-н       ; опорная мачта МТС                                    ; 53.627970; 23.980598;G
$;4;R  ;GRO; Лойки                   ;; 238 ; 405303 ;:21:22:23;;;;  ;;;        ;18.02.24 ; Гродненский р-н       ; опорная мачта МТС                                    ; 53.773675; 23.747355;G
$;4;R  ;GRO; Лида                ;;;;;; 237 ; 405342 ; 123; 237 ;405342;56789:10;24.02.17 ; Кооперативная, 16     ; мини Евроопт, мачта МТС                              ; 53.900075; 25.255835;G
$;4;R  ;GRO; Лида               ;v;;;;; 237 ; 405342 ;:51:52:53;;      ;        ;11.01.20 ; Кооперативная, 16     ; мини Евроопт, мачта МТС                              ; 53.900075; 25.255835;G
$;4;D  ;GRO; Островец            ;;;;;; 235 ; 405334 ; 123; 235 ;405334;56789:10;18.03.18 ; пер.Октябрьский, 11   ; ЦРБ, мачта МТС (дем.сентябрь 2023)                   ; 54.610463; 25.967311;G
$;4;D  ;GRO; Островец           ;v;;;;; 235 ; 405334 ;:51:52:53;;      ;        ;31.07.22 ; пер.Октябрьский, 11   ; ЦРБ, мачта МТС (дем.сентябрь 2023)                   ; 54.610463; 25.967311;G
$;4;R  ;GRO; Лида                ;;;;;; 237 ; 405351 ; 123; 237 ;405351;56789:10;26.10.17 ; Сосновая, 3           ; ОАО "Стройвектор" опорная мачта МТС                  ; 53.936621; 25.270190;G
$;4;R  ;GRO; Лида               ;v;;;;; 237 ; 405351 ;:51:52:53;;      ;        ;01.03.20 ; Сосновая, 3           ; ОАО "Стройвектор" опорная мачта МТС                  ; 53.936621; 25.270190;G
$;4;R  ;GRO; Слоним              ;;;;;; 232 ; 405353 ;  123; 232;405353;  7  :10;01.03.20 ; Ромашковая            ; опорная мачта МТС                                    ; 53.059398; 25.330757;G 
$;4;R  ;GRO; Слоним             ;v;;;;; 232 ; 405353 ;:51:52:53;;      ;        ;15.10.20 ; Ромашковая            ; опорная мачта МТС                                    ; 53.059398; 25.330757;G 
$;4;R  ;GRO; Волковыск           ;;;;;; 232 ; 405496 ; 1 3; 232 ;405496;  7     ;26.01.19 ; С.Панковой            ; мкр-н Ольшимово                                      ; 53.171130; 24.433940;*
$;4;R  ;GRO; Волковыск          ;v;;;;; 232 ; 405496 ;:51   :53;;      ;        ;01.02.20 ; С.Панковой            ; мкр-н Ольшимово                                      ; 53.171130; 24.433940;*
$;4;R  ;GRO; Слоним              ;;;;;; 232 ; 405736 ; 123; 232 ;405736; 56   9 ;02.08.17 ; Брестская, 103/5      ; магазин "Пралеска", мачта МТС                        ; 53.080890; 25.295780;G 
$;4;R  ;GRO; Слоним             ;v;;;;; 232 ; 405736 ;:51:52:53;;      ;        ;30.12.23 ; Брестская, 103/5      ; магазин "Пралеска", мачта МТС                        ; 53.080890; 25.295780;G
$;4;R  ;GRO; Слоним              ;;;;;; 232 ; 405821 ; 123;     ;      ;        ;29.06.18 ; Минский тракт, 4      ; оптовая база УП "Бакалея", мачта МТС                 ; 53.093170; 25.350760;G 
$;4;R  ;GRO; Слоним             ;v;;;;; 232 ; 405821 ;:51:52:53;;      ;        ;01.02.20 ; Минский тракт, 4      ; оптовая база УП "Бакалея", мачта МТС                 ; 53.093170; 25.350760;G 
$;4;R  ;GRO; Новогрудок          ;;;;;; 236 ; 405825 ; 123;     ;      ;        ;21.09.18 ; Минская,  66          ; ПТУ-193, мачта МТС                                   ; 53.598247; 25.840567;G
$;4;R  ;GRO; Новогрудок         ;v;;;;; 236 ; 405825 ;:51:52:53;;      ;        ;15.09.20 ; Минская,  66          ; ПТУ-193, мачта МТС                                   ; 53.598247; 25.840567;G
$;4;R  ;GRO; Слоним              ;;;;;; 232 ; 405829 ; 123; 232 ;405829;  7  :10;30.12.23 ; Ершова, 52            ; ЖРЭУ, мачта МТС                                      ; 53.081770; 25.308150;G
$;4;R  ;GRO; Слоним             ;v;;;;; 232 ; 405829 ;:51:52:53;;      ;        ;30.12.23 ; Ершова, 52            ; ЖРЭУ, мачта МТС                                      ; 53.081770; 25.308150;G
$;4;R  ;GRO; Волковыск           ;;;;;; 232 ; 405833 ; 1  ;     ;      ;        ;26.01.19 ; Октябрьская, 55       ; магазин "Чыгуначнік", мачта МТС                      ; 53.142590; 24.424900;G
$;4;R  ;GRO; Волковыск          ;v;;;;; 232 ; 405833 ;:51      ;;      ;        ;01.02.20 ; Октябрьская, 55       ; магазин "Чыгуначнік", мачта МТС                      ; 53.142590; 24.424900;G
$;4;R  ;GRO; Свислочь            ;;;;;; 232 ; 405838 ;123 ; 232 ;405838;56789:10;16.04.22 ; Красноармейская, 23   ; мачта на здании                                      ; 53.035635; 24.103765;G
$;4;R  ;GRO; Свислочь           ;v;;;;; 232 ; 405838 ;:51:52:53;;      ;        ;16.04.22 ; Красноармейская, 23   ; мачта на здании                                      ; 53.035635; 24.103765;G
$;4;R  ;GRO; Волковыск           ;;;;;; 232 ; 405839 ; 12 ; 232 ;405839; 6    9 ;08.05.18 ; Медведева, 3          ; Белгосстрах, мачта МТС                               ; 53.157240; 24.451390;G
$;4;R  ;GRO; Волковыск          ;v;;;;; 232 ; 405839 ;:51:52   ;;      ;        ;01.02.20 ; Медведева, 3          ; Белгосстрах, мачта МТС                               ; 53.157240; 24.451390;G
$;4;R  ;GRO; Лида                ;;;;;; 237 ; 405840 ; 123;     ;      ;        ;19.08.18 ; 2-я Круповская, 1     ; Лидское ПМС, мачта МТС                               ; 53.91457 ; 25.238868;G
$;4;R  ;GRO; Лида               ;v;;;;; 237 ; 405840 ;:51:52:53;;      ;        ;11.01.20 ; 2-я Круповская, 1     ; Лидское ПМС, мачта МТС                               ; 53.91457 ; 25.238868;G
$;4;R  ;GRO; Черленка                ;; 231 ; 405849 ;:21:22:23;;;;  ;;;        ;18.01.24 ; Мостовский р-н        ; башня 70м                                            ; 53.505402; 24.335543;G
$;4;R  ;GRO; Дятлово            ;v;;;;; 232 ; 405862 ;   :52:53;;      ;        ;13.04.20 ; Советская, 3          ; почта, мачта МТС                                     ; 53.466847; 25.405004;G
$;4;R  ;GRO; Волковыск           ;;;;;; 232 ; 405872 ; 123; 232 ;405872;5       ;08.05.18 ; Боричевского          ; опорная мачта МТС                                    ; 53.165885; 24.433200;G
$;4;R  ;GRO; Волковыск          ;v;;;;; 232 ; 405872 ;:51:52:53;;      ;        ;01.02.20 ; Боричевского          ; опорная мачта МТС                                    ; 53.165885; 24.433200;G
$;4;R  ;GRO; Лида                ;;;;;; 237 ; 405873 ; 123; 237 ;405873;56789:10;07.03.17 ; Куйбышева, 23         ; почта, мачта МТС                                     ; 53.891325; 25.276220;G
$;4;R  ;GRO; Лида               ;v;;;;; 237 ; 405873 ;:51:52:53;;      ;        ;11.01.20 ; Куйбышева, 23         ; почта, мачта МТС                                     ; 53.891325; 25.276220;G
$;4;R  ;GRO; Лида                ;;;;;; 237 ; 405874 ; 123; 237 ;405874;56789:10;24.02.17 ; Машерова, 10          ; завод "Оптик", мачта МТС                             ; 53.872331; 25.281364;G 
$;4;R  ;GRO; Лида               ;v;;;;; 237 ; 405874 ;:51:52:53;;      ;        ;19.03.20 ; Машерова, 10          ; завод "Оптик", мачта МТС                             ; 53.872331; 25.281364;G 
$;4;R  ;GRO; Сморгонь            ;;;;;; 235 ; 405877 ; 123; 235 ;405877;56789:10;08.08.18 ; Гагарина, 7           ; СК "Юность", мачта МТС                               ; 54.480159; 26.401799;G 
$;4;R  ;GRO; Сморгонь           ;v;;;;; 235 ; 405877 ;:51:52:53;;      ;        ;28.08.21 ; Гагарина, 7           ; СК "Юность", мачта МТС                               ; 54.480159; 26.401799;G
$;4;R  ;GRO; Сморгонь            ;;;;;; 235 ; 405887 ; 123;     ;      ;        ;08.08.18 ; Юбилейная, 51а        ; мачта МТС                                            ; 54.476637; 26.419697;G
$;4;R  ;GRO; Сморгонь           ;v;;;;; 235 ; 405887 ;:51:52:53;;      ;        ;28.08.21 ; Юбилейная, 51а        ; мачта МТС                                            ; 54.476637; 26.419697;G
$;4;R  ;GRO; Волковыск           ;;;;;; 232 ; 405888 ; 12 ;     ;      ;        ;08.05.18 ; Мопровская?           ; мачта МТС? на здании? *питон*                        ; 53.162945; 24.479590;G*
$;4;R  ;GRO; Лида                ;;;;;; 237 ; 405896 ; 123; 237 ;405896;56789:10;11.01.20 ; Тухачевского          ; ЦТП-31, мачта МТС                                    ; 53.896406; 25.259676;G 
$;4;R  ;GRO; Лида               ;v;;;;; 237 ; 405896 ;:51:52:53;;      ;        ;11.01.20 ; Тухачевского          ; ЦТП-31, мачта МТС                                    ; 53.896406; 25.259676;G 
$;4;R  ;GRO; Лида                ;;;;;; 237 ; 405953 ; 123; 237 ;405953;56789:10;19.08.18 ; Коммунистическая      ; кольцо Миру-Мир, выезд на Гродно, башня МТС 40м      ; 53.878137; 25.272138;G
$;4;R  ;GRO; Лида               ;v;;;;; 237 ; 405953 ;:51:52:53;;      ;        ;20.01.20 ; Коммунистическая      ; кольцо Миру-Мир, выезд на Гродно, башня МТС 40м      ; 53.878137; 25.272138;G
$;4;R  ;GRO; Ошмяны              ;;;;;; 235 ; 405985 ; 123;     ;      ;        ;13.08.21 ; Советская, 109        ; дом быта, мачта МТС                                  ; 54.424965; 25.939305;G
$;4;R  ;GRO; Ошмяны             ;v;;;;; 235 ; 405985 ;:51:52:53;;      ;        ;13.08.21 ; Советская, 109        ; дом быта, мачта МТС                                  ; 54.424965; 25.939305;G
$;4;R  ;GRO; Белица                  ;; 237 ; 410985 ;:21:22:23;;;;  ;;;        ;09.06.23 ; Лидский р-н           ; М11, башня 70м (А1 112)                              ; 53.653601; 25.302225;G
$;4;R  ;GRO; Березовка               ;; 237 ; 410988 ;:21:22:23;;;;  ;;;        ;27.05.23 ; Корзюка, 8            ; стеклозавод "Неман", мачта (А1 27)                   ; 53.718711; 25.504106;G
$;4;R  ;GRO; Б.Жуховичи	             ;; 236 ; 410992 ;:21:22:23;;;;  ;;;        ;27.08.23 ; Кореличский р-н       ; башня А1                                             ; 53.419314; 26.323033;G
$;4;R  ;GRO; Вересково               ;; 237 ; 410994 ;   :22   ;;;;  ;;;        ;03.01.24 ; Ивьевский р-н         ; М6, башня 70м (А1 982)                               ; 53.894429; 25.799012;G
$;4;R  ;GRO;                         ;; 231 ; 410997 ;:21:22:23;;;;  ;;;        ;21.04.23 ;                       ; в р-не рынка Южный-Объездная [205]                   ;
$;4;R  ;GRO; Новоселки               ;; 235 ; 411103 ;   :22:23;;;;  ;;;        ;28.04.24 ; Ошмянский р-н         ; М7, башня 70м (А1 15)                                ; 54.406273; 26.094041;G
$;4;R  ;GRO; Василишки               ;; 237 ; 411000 ;:21:22:23;;;;  ;;;        ;09.09.23 ; Щучинский р-н         ; опорная мачта                                        ; 53.782975; 24.852855;G
$;4;R  ;GRO; Ворона                  ;; 235 ; 411015 ;:21:22:23;;;;  ;;;        ;26.06.23 ; Островецкий р-н       ; башня 70м (А1 218)                                   ; 54.763764; 25.956239;G
$;4;R  ;GRO; Геранены                ;; 237 ; 411022 ;:21:22:23;;;;  ;;;        ;18.06.23 ; Ивьевский р-н         ; Р89, РТПС                                            ; 54.118697; 25.560379;G
$;4;R  ;GRO;                         ;; 238 ; 411047 ;:21:22:23;;;;  ;;;        ;21.04.23 ;                       ; в р-не Гродненского Мясокомбината [492]              ;
$;4;R  ;GRO; Баличи              ;;;;;; 231 ; 411048 ;:21:22:23;;      ;        ;21.04.23 ; Щучинский р-н         ; совм.башня 70м                                       ; 53.499528; 24.772711;G
$;4;R  ;GRO; Козляны             ;;;;;; 238 ; 411053 ;:21:22:23;;      ;        ;08.09.23 ; Вороновский р-н       ; башня А1                                             ; 53.909281; 24.791765;G
$;4;R  ;GRO;                     ;;;;;; 231 ; 411054 ;:21:22:23;;      ;        ;21.04.23 ;                       ; М6-Азот [452]                                        ;
$;4;R  ;GRO; Крево                   ;; 235 ; 411064 ;:21   :23;;;;  ;;;        ;03.01.24 ; Сморгонский р-н       ; мачта "Белтелеком" 110м                              ; 54.315590; 26.237182;G
$;4;R  ;GRO; Лаздуны             ;;;;;; 235 ; 411062 ;:21:22:23;;      ;        ;02.06.23 ; Ивьевский р-н         ; совм.башня 70м                                       ; 53.970271; 25.971481;G
$;4;R  ;GRO;                     ;;;;;; 231 ; 411063 ;:21:22:23;;      ;        ;21.04.23 ;                       ; Щуч-Вор р-н (сам) [464]                              ;
$;4;R  ;GRO; Лежневичи               ;; 235 ; 411064 ;:21   :23;;;;  ;;;        ;03.01.24 ; Ивьевский р-н         ; М6, башня 70м (А1 30)                                ; 53.899279; 26.073940;G
$;4;R  ;GRO; Лида                ;;;;;; 237 ; 411069 ; 123;     ;      ;        ;20.12.20 ; Рыбиновского, 24      ; почта, мачта А1                                      ; 53.897182; 25.267814;G
$;4;R  ;GRO; Лида               ;v;;;;; 237 ; 411069 ;:51:52:53;;      ;        ;20.12.20 ; Рыбиновского, 24      ; почта, мачта                                         ; 53.897182; 25.267814;G
$;4;R  ;GRO; М.Можейково             ;; 237 ; 411082 ;:21:22:23;;;;  ;;;        ;18.02.24 ; Лидский р-н           ; М6, башня 70м (А1 18)                                ; 53.728138; 24.984627;G
$;4;R  ;GRO; Новоельня           ;;;;;; 236 ; 411101 ;:21:22:23;;      ;        ;11.06.23 ; Дятловский р-н        ; Новогрудская, 37, КХП, мачта (А1 57)                 ; 53.467424; 25.594149;G
$;4;R  ;GRO; СОК "Озерный"       ;;;;;; 238 ; 411105 ;:21:22:23;;      ;        ;09.07.23 ; Гродненский р-н       ; сан.Нацбанка, мачта (А1 314)                         ; 53.749792; 24.217359;G
$;4;R  ;GRO; Озеры               ;;;;;; 238 ; 411106 ;:21:22:23;;      ;        ;09.07.23 ; Гродненский р-н       ; Р145, башня 70м (А1 76)                              ; 53.721030; 24.196594;G
$;4;R  ;GRO; Острино             ;;;;;; 238 ; 411109 ;:21:22:23;;      ;        ;21.04.23 ; Щучинский р-н         ; Слатвинского, 34, РТПС                               ; 53.737290; 24.536558;G
$;4;R  ;GRO; Пильчуки            ;;;;;; 237 ; 411119 ;:21:22:23;;      ;        ;21.04.23 ; Щучинский р-н         ; М6, башня 70м                                        ; 53.650552; 24.788804;G
$;4;R  ;GRO; Подкосовье          ;;;;;; 236 ; 411122 ;:21:22:23;;      ;        ;21.04.23 ; Новогрудский р-н      ; башня А1                                             ; 53.645196; 26.110905;G
$;4;R  ;GRO; Протасовщина        ;;;;;; 231 ; 411129 ;:21:22:23;;      ;        ;21.04.23 ; Щучинский р-н         ; М6, башня 70м                                        ; 53.588206; 24.510562;G
$;4;R  ;GRO; Рассолишки              ;; 235 ; 411133 ;   :22:23;;;;  ;;;        ;03.01.24 ; Ивьевский р-н         ; М6, башня 70м (А1 100)                               ; 53.984462; 26.305935;G
$;4;R  ;GRO; Рогачевщина?        ;;;;;; 238 ; 411134 ;:21:22:23;;      ;        ;21.04.23 ;                       ; башня? [132]                                         ;
$;4;R  ;GRO; Скидель             ;;;;;; 231 ; 411140 ;:21:22:23;;      ;        ;21.04.23 ; Первомайская, 1       ; сахарный завод, труба ТЭЦ                            ; 53.573437; 24.210547;G
$;4;R  ;GRO; Скидель             ;;;;;; 231 ; 411141 ;:21:22   ;;      ;        ;21.04.23 ; Ленина, 121           ; птицефабрика                                         ; 53.560034; 24.260084;*
$;4;R  ;GRO; Сморгонь            ;;;;;; 235 ; 411149 ; 123;     ;      ;        ;28.08.21 ; Гагарина              ; труба котельной ЖКХ N1 (A1 42)                       ; 53.163856; 24.471181;G
$;4;R  ;GRO; Сморгонь           ;v;;;;; 235 ; 411149 ;:51:52:53;;      ;        ;28.08.21 ; Гагарина              ; труба котельной ЖКХ N1 (A1 42)                       ; 53.163856; 24.471181;G
$;4;R  ;GRO; Сморгонь            ;;;;;; 235 ; 411153 ; 123;     ;      ;        ;28.08.21 ; Молодежная, 1а        ; РТПС (A1 128)                                        ; 54.469123; 26.412479;G
$;4;R  ;GRO; Сморгонь           ;v;;;;; 235 ; 411153 ;:51:52:53;;      ;        ;28.08.21 ; Молодежная, 1а        ; РТПС (A1 128)                                        ; 54.469123; 26.412479;G
$;4;R  ;GRO; Сопоцкин                ;; 238 ; 411156 ;:21:22:23;;;;  ;;;        ;06.11.23 ; Гродненский р-н       ; совм.башня 70м                                       ; 53.829930; 23.666530;G
$;4;R  ;GRO; Старченяты              ;; 235 ; 411157 ;:21:22:23;;;;  ;;;        ;03.01.24 ; Ивьевский р-н         ; М6, башня 70м (A1 29)                                ; 53.894429; 25.799012;G
$;4;R  ;GRO; Турец               ;;;;;; 236 ; 411163 ;:21:22:23;;      ;        ;27.08.23 ; Кореличский р-н       ; башня А1                                             ; 53.529172; 26.308844;G
$;4;R  ;GRO; Цыборы                  ;; 237 ; 411164 ;:21:22:23;;;;  ;;;        ;18.02.24 ; Лидский р-н           ; М6, башня 70м (А1 25)                                ; 53.847324; 25.185342;G
$;4;R  ;GRO; Слоним              ;;;;;; 232 ; 412172 ; 123;     ;      ;        ;30.12.23 ; Е.Полоцкой            ; ГСК Заозёрный, столб (A1 137)                        ; 53.074831; 25.301088;Y
$;4;R  ;GRO; Слоним             ;v;;;;; 232 ; 412172 ;:51:52:53;;      ;        ;30.12.23 ; Е.Полоцкой            ; ГСК Заозёрный, столб                                 ; 53.074831; 25.301088;Y
$;4;R  ;GRO; Обухово             ;;;;;; 231 ; 412302 ;:21:22:23;;      ;        ;21.04.23 ; Гродненский р-н	  ; опорная мачта (А1 292)                               ; 53.597764; 24.074033;G
$;4;R  ;GRO; Рыбница             ;;;;;; 238 ; 412337 ;:21:22:23;;      ;        ;06.07.23 ; Гродненский р-н       ; совм.башня 70м (А1 288)                              ; 53.825370; 24.036930;G
$;4;R  ;GRO;                     ;;;;;; 231 ; 412338 ;:21:22:23;;      ;        ;21.04.23 ;                       ; Азот-Обухово [401]                                   ;
$;4;R  ;GRO; Мали                    ;; 235 ; 412449 ;:21   :23;;;;  ;;;        ;27.04.24 ; Островецкий р-н       ; башня 70м (А1 296)                                   ; 54.645536; 25.999952;G
$;4;R  ;GRO;                     ;;;;;; 238 ; 412450 ;:21:22:23;;      ;        ;21.04.23 ;                       ; в р-не рынка Южный [37]                              ;
$;4;R  ;GRO; Морозовичи              ;; 236 ; 412451 ;:21      ;;;;  ;;;        ;25.01.24 ; Дятловский р-н        ; башня 70м (А1 297)                                   ; 53.531738; 25.578961;G
$;4;R  ;GRO; Заполье             ;;;;;; 231 ; 412599 ;:21:22:23;;      ;        ;21.04.23 ; Мостовский р-н        ; башня 70м (А1 492)                                   ; 53.448245; 24.456961;G
$;4;R  ;GRO; Песковцы                ;; 236 ; 412601 ;:21      ;;;;  ;;;        ;25.01.24 ; Лидский р-н           ; башня 70м (А1 493)                                   ; 53.562725; 25.164415;G
$;4;R  ;GRO; Кочаны                  ;; 172 ; 412606 ;:21:22   ;;;;  ;;;        ;27.04.24 ; Сморгонский р-н       ; М7, башня 70м (А1 446)                               ; 54.225125; 26.315830;G 
$;4;R  ;GRO; Лида                ;;;;;; 237 ; 412849 ; 123;     ;      ;        ;20.12.20 ; Мопровская, 4         ; столб А1                                             ; 53.880878; 25.298520;G
$;4;R  ;GRO; Лида               ;v;;;;; 237 ; 412849 ;:51:52:53;;      ;        ;20.12.20 ; Мопровская, 4         ; столб                                                ; 53.880878; 25.298520;G
$;4;R  ;GRO; Слоним              ;;;;;; 232 ; 412835 ; 12 ;     ;      ;        ;11.11.20 ; Загородная            ; опорная мачта А1                                     ; 53.091765; 25.339875;G
$;4;R  ;GRO; Слоним             ;v;;;;; 232 ; 412835 ;:51:52   ;;      ;        ;03.08.21 ; Загородная            ; опорная мачта                                        ; 53.091765; 25.339875;G
$;4;R  ;GRO; Новогрудок          ;;;;;; 236 ; 412923 ;    ;     ;      ;        ;31.12.22 ; Мицкевича, 15         ; ТЭК, триподы (А1 649)                                ; 53.592432; 25.820897;G
$;4;R  ;GRO; Лида               ;v;;;;; 237 ; 413349 ;:51:52:53;;      ;        ;28.12.20 ; Невского              ; гаражи, опорная мачта                                ; 53.888280; 25.269413;G
$;4;R  ;GRO; Лида                ;;;;;; 237 ; 413349 ; 123;     ;      ;        ;28.12.20 ; Невского              ; гаражи, опорная мачта А1                             ; 53.888280; 25.269413;G
$;4;R  ;GRO; Ошмяны              ;;;;;; 235 ; 413368 ; 123;     ;      ;        ;13.08.21 ; Пушкина, 2            ; ОАО "Белкофе", опорная мачта (A1 767)                ; 54.418901; 25.924225;G
$;4;R  ;GRO; Ошмяны             ;v;;;;; 235 ; 413368 ;:51:52:53;;      ;        ;05.09.21 ; Пушкина, 2            ; ОАО "Белкофе", опорная мачта (A1 767)                ; 54.418901; 25.924225;G
$;4;R  ;GRO; Ошмяны              ;;;;;; 235 ; 413369 ; 123;     ;      ;        ;13.08.21 ; Борунская, 35         ; ЦРБ, мачта (А1 681)                                  ; 54.425179; 25.960951;G
$;4;R  ;GRO; Ошмяны             ;v;;;;; 235 ; 413369 ;:51:52:53;;      ;        ;19.02.21 ; Борунская, 35         ; ЦРБ, мачта (А1 681)                                  ; 54.425179; 25.960951;G
$;4;R  ;GRO; Сморгонь            ;;;;;; 235 ; 413426 ; 123;     ;      ;        ;28.08.21 ; Тракторная, 72        ; опорная мачта (A1 717)                               ; 54.487021; 26.372424;G
$;4;R  ;GRO; Сморгонь           ;v;;;;; 235 ; 413426 ;:51:52:53;;      ;        ;28.08.21 ; Тракторная, 72        ; опорная мачта (A1 717)                               ; 54.487021; 26.372424;G
$;4;R  ;GRO; Лида               ;v;;;;; 237 ; 413524 ;:51:52:53;;      ;        ;03.02.21 ; Жукова, 3а            ; котельная "Неман", башня 70м                         ; 53.939164; 25.252390;G
$;4;R  ;GRO; Лида                ;;;;;; 237 ; 413524 ; 123;     ;      ;        ;03.02.21 ; Жукова, 3а            ; котельная "Неман", башня А1 70м                      ; 53.939164; 25.252390;G
$;4;R  ;GRO; Поречье                 ;; 238 ; 413525 ;:21:22   ;;;;  ;;;        ;27.12.23 ; Гродненский р-н       ; Толстого 8, почта, мачта (А1)                        ; 53.886124; 24.139988;G
$;4;R  ;GRO; Лида               ;v;;;;; 237 ; 413606 ;:51:52:53;;      ;        ;07.01.21 ; Качана, 35            ; СОК “Олимпия”, столб (А1 315)                        ; 53.893623; 25.326169;G
$;4;R  ;GRO; Лида                ;;;;;; 237 ; 413606 ;  123;    ;      ;        ;07.01.21 ; Качана, 35            ; СОК “Олимпия”, столб (А1 315)                        ; 53.893623; 25.326169;G
$;4;R  ;GRO; Валейкуны               ;; 235 ; 413765 ;      :23;;;;  ;;;        ;26.04.24 ; Островецкий р-н       ; башня связи 70м (А1 844)                             ; 54.759993; 26.115966;G
$;4;R  ;GRO; Стрельцы            ;;;;;; 231 ; 413928 ;:21   :23;;      ;        ;21.04.23 ; Гродненский р-н       ; Бройлерная птицефабрика, столб (А1 815)              ; 53.556814; 24.330838;G
$;4;R  ;GRO; Новогрудок          ;;;;;; 236 ; 414305 ;  1 3;    ;      ;        ;31.12.22 ; Чечета                ; частный сектор, столб (А1 853)                       ; 53.587332; 25.833055;G
$;4;R  ;GRO; Козловщина              ;; 236 ; 414468 ;:21       ;;;;  ;;;       ;25.01.24 ; Дятловский р-н        ; башня (А1 1971)                                      ; 53.320580; 25.275720;G
$;4;R  ;GRO; Слоним              ;;;;;; 232 ; 414469 ;  1 3;    ;      ;        ;03.08.21 ; Пушкина               ; столб (A1 997)                                       ; 53.101180; 25.301940;G
$;4;R  ;GRO; Слоним             ;v;;;;; 232 ; 414469 ;:51   :53;;      ;        ;03.08.21 ; Пушкина               ; столб (A1 997)                                       ; 53.101180; 25.301940;G
$;4;R  ;GRO; Путришки                ;; 238 ; 414989 ;:21:22:23;;;;  ;;;        ;21.04.23 ; Гродненский р-н       ; башня 40м (А1 324)                                   ; 53.693894; 23.937713;G
$;4;R  ;GRO; Островец           ;v;;;;; 235 ; 415466 ;:51:52   ;;      ;        ;27.04.24 ; Восточная             ; башня 40м (А1 538)                                   ; 54.617896; 25.982039;G
$;4;R  ;GRO; Топилишки           ;;;;;; 231 ; 415095 ;:21:22:23;;      ;        ;21.04.23 ; Щучинский р-н         ; опорная мачта (А1 539)                               ; 53.630226; 24.718492;Y
$;4;R  ;GRO; Лида               ;v;;;;; 237 ; 416179 ;:51:52:53;;      ;        ;03.02.21 ; Радужная, 19          ; частный сектор, столб                                ; 53.936248; 25.288209;G
$;4;R  ;GRO; Лида                ;;;;;; 237 ; 416179 ; 123;     ;      ;        ;03.02.21 ; Радужная, 19          ; частный сектор, столб А1                             ; 53.936248; 25.288209;G
$;4;R  ;GRO; Залесье                 ;; 235 ; 416881 ;:21:22:23;;;;  ;;;        ;06.10.23 ; Сморгонский р-н       ; Советская, 24, опорная мачта (A1 980)                ; 54.421867; 26.543896;G
$;4;R  ;GRO; Щечиново                ;; 231 ; 417061 ;:21:22:23;;;;  ;;;        ;18.02.24 ; Гродненский р-н       ; М6, опорная мачта (А1 959)                           ; 53.647228; 23.976338;G
$;4;R  ;GRO; Дайлиды                 ;; 235 ; 417231 ;   :22   ;;;;  ;;;        ;25.01.24 ; Ивьевский р-н         ; опорная мачта (А1 944)                               ; 53.965069; 25.811279;G
$;4;R  ;GRO; Жировичи                ;; 232 ; 417392 ;:21:22:23;;;;  ;;;        ;30.12.23 ; Слонимский р-н        ; Лесная, 4, опорная мачта (A1 981)                    ; 53.010132; 25.344176;G
$;4;R  ;GRO; Островец           ;v;;;;; 235 ; 417447 ;:51:52:53;;      ;        ;01.11.22 ; Дубровная             ; столб (А1 964)                                       ; 54.602394; 25.975912;G
$;4;R  ;GRO; Житомля                 ;; 231 ; 417869 ;:21:22:23;;;;  ;;;        ;18.02.24 ; Гродненский р-н       ; башня 40м (А1 973)                                   ; 53.628694; 24.090443;Y
$;4;R  ;GRO; Сморгонь?           ;;;;;; 235 ; 418062 ;  2 ;     ;      ;        ;24.11.22 ;                       ; объезная                                             ;
$;4;R  ;GRO; Островец           ;v;;;;; 235 ; 418652 ;      :53;;      ;        ;30.12.23 ;пр-т Энергетиков, 1    ; ЦРКБ, трубостойки (А1 942)                           ; 54.607315; 25.980024;G
