KIND;OPR;STAT;AREA;CITY          ; CB           ;LAC ;  CID ;GSM ;DCS ; 3G L; 3G C ;  3G S   ;U-L; U900 ;U-S ;  DATE   ; ADDR                ; REM                                           ; OZIN     ; OZIE     ;LOCK

/;Брест
 ;M;R  ;BR.; Брест               ;              ;    ;      ;    ;    ; 2   ;      ;         ;2  ;      ;    ;2018     ;                     ;                                               ;          ;          ;

$;M;R  ;BR.; Брест               ; BREST        ;227 ;  701 ; 23 ;456 ; 227 ; 1195 ;123456789;227; 4266 ;789 ;14.10.04 ; Машерова пр. 21     ; РУП "Белтелеком", трубостойки                 ; 52.086229; 23.696930;G
$;M;R  ;BR.; Брест               ;              ;    ;  701 ;    ;    ; 227 ; 1201 ;123456789;   ;      ;    ;26.07.16 ; Машерова пр. 21     ; РУП "Белтелеком", трубостойки                 ; 52.086229; 23.696930;G
$;M;R  ;BR.; Брест               ;              ;    ;  701 ;    ;    ; 227 ; 2139 ;8        ;   ;      ;    ;26.07.16 ; Машерова пр. 21     ; РУП "Белтелеком", трубостойки                 ; 52.086229; 23.696930;G
$;M;R  ;BR.; Брест               ;              ;    ;  701 ;    ;    ; 227 ; 2140 ;    34   ;   ;      ;    ;26.07.16 ; Машерова пр. 21     ; РУП "Белтелеком", трубостойки                 ; 52.086229; 23.696930;G
$;M;R  ;BR.; Брест               ; BREST        ;227 ;  702 ;  3 ;456 ; 227 ; 1208 ;123456789;227; 4268 ;012 ;14.10.04 ; Энгельса 3          ; Горисполком, трубостойки                      ; 52.093072; 23.681341;G
$;M;R  ;BR.; Брест               ;              ;    ;  702 ;    ;    ; 227 ; 4624 ;456      ;   ;      ;    ;14.10.04 ; Энгельса 3          ; Горисполком, трубостойки                      ; 52.093072; 23.681341;G
$;M;R  ;BR.; Брест               ; BREST        ;227 ;  703 ;12  ;456 ; 227 ; 1211 ;123456789;227; 4268 ;345 ;14.10.04 ; б-р Космонавтов 21  ; БрГУ, триподы                                 ; 52.098502; 23.694119;G
$;M;R  ;BR.; Брест               ; BREST        ;    ;  703 ;    ;    ; 227 ; 2198 ;     6   ;   ;      ;    ;08.01.23 ; б-р Космонавтов 21  ; БрГУ, триподы                                 ; 52.098502; 23.694119;G
$;M;R  ;BR.; Брест               ; BREST        ;    ;  703 ;    ;    ; 227 ;   24 ;12 45 78 ;   ;      ;    ;14.10.04 ; б-р Космонавтов 21  ; БрГУ, триподы                                 ; 52.098502; 23.694119;G
$;M;R  ;BR.; Брест               ; BREST        ;224 ;  704 ; 23 ;456 ; 224 ; 1261 ; 23 56 89;224;  986 ;056 ;12.12.04 ; Пионерская 50       ; корпус 16 ОАО "БЭМЗ", трубостойки             ; 52.098028; 23.730682;G
$;M;R  ;BR.; Брест               ;              ;    ;  704 ;    ;    ; 224 ; 1302 ; 2  5  8 ;   ;      ;    ;12.12.04 ; Пионерская 50       ; корпус 16 ОАО "БЭМЗ", трубостойки             ; 52.098028; 23.730682;G
$;M;R  ;BR.; Брест               ; BREST        ;220 ;  705 ;123 ;456 ; 220 ; 1303 ;123456789;220;  986 ;789 ;24.12.04 ; Кижеватова 76       ; ж/д больница, трубостойки                     ; 52.106819; 23.690771;G
$;M;R  ;BR.; Брест               ;              ;    ;  705 ;    ;    ; 220 ; 1306 ;123456789;   ;      ;    ;09.08.16 ; Кижеватова 76       ; ж/д больница, трубостойки                     ; 52.106819; 23.690771;G
$;M;R  ;BR.; Брест               ;              ;    ;  705 ;    ;    ; 220 ; 2170 ;     2   ;   ;      ;    ;09.08.16 ; Кижеватова 76       ; ж/д больница, трубостойки                     ; 52.106819; 23.690771;G
$;M;R  ;BR.; Брест               ; BREST        ;224 ;  706 ;123 ;456 ; 224 ; 1307 ;1 3  67 9;224;  564 ;01  ;14.12.04 ; Строительная 56     ; ПРУП "БЭТЗ", очистные, трубостойки            ; 52.116769; 23.739012;G
$;M;R  ;BR.; Брест               ;              ;    ;  706 ;    ;    ; 224 ; 1308 ;1     7  ;   ;      ;    ;05.12.15 ; Строительная 56     ; ПРУП "БЭТЗ", очистные, трубостойки            ; 52.116769; 23.739012;G
$;M;R  ;BR.; Брест               ; BREST        ;220 ;  707 ;123 ;456 ; 220 ; 1315 ;123456789;220;  564 ;234 ;14.10.04 ; Смирнова 66         ; ОАО "ГСКБ", трубостойки                       ; 52.103187; 23.646710;G
$;M;R  ;BR.; Брест               ; BREST        ;220 ;  708 ;123 ;456 ; 220 ; 1326 ;1 34 6789;220;  564 ;567 ;09.06.05 ; Катин Бор 105       ; ОАО "Брестодежда", трипод                     ; 52.142687; 23.668748;G
$;M;R  ;BR.; Брест               ; BREST        ;223 ;  709 ;123 ;456 ; 223 ; 1335 ;123456789;223;  564 ;8   ;12.10.04 ; Суворова 21         ; ОАО "БрестМаш", мачта                         ; 52.064426; 23.741596;G
$;M;R  ;BR.; Брест               ;              ;    ;  709 ;    ;    ; 223 ; 5607 ;1  4  7  ;223;  565 ;0   ;16.11.17 ; Суворова 21         ; ОАО "БрестМаш", мачта                         ; 52.064426; 23.741596;G
$;M;R  ;BR.; Брест               ;              ;    ;  709 ;    ;    ; 223 ; 2126 ;3 56     ;   ;      ;    ;16.11.17 ; Суворова 21         ; ОАО "БрестМаш", мачта                         ; 52.064426; 23.741596;G
$;M;R  ;BR.; Брест               ; PLOSKA       ;224 ;  710 ;123 ;456 ; 224 ; 1355 ;123   7  ;224;  565 ;123 ;26.05.05 ; Плоска, пл. N2      ; ОАО "БЭМЗ", мачта на земле                    ; 52.134317; 23.732565;G
$;M;R  ;BR.; Брест               ; BREST        ;224 ;  711 ;123 ;456 ; 224 ; 1356 ;123456789;224;  565 ;456 ;12.12.04 ; Московская 275      ; Дворец культуры профсоюзов, трубостойки       ; 52.099425; 23.769606;G
$;M;R  ;BR.; Брест               ;              ;    ;  711 ;    ;    ; 224 ; 1379 ;1  4  7  ;   ;      ;    ;10.04.17 ; Московская 275      ; Дворец культуры профсоюзов, трубостойки       ; 52.099425; 23.769606;G
$;M;R  ;BR.; Брест               ;              ;    ;  711 ;    ;    ; 224 ; 2082 ;1 3      ;   ;      ;    ;10.04.17 ; Московская 275      ; Дворец культуры профсоюзов, трубостойки       ; 52.099425; 23.769606;G
$;M;R  ;BR.; Брест               ; BREST        ;223 ;  713 ;1237;456 ; 223 ; 1385 ;123456789;223;  565 ;789 ;14.10.04 ; Варшавский мост     ; погранпереход РБ-Польша, башня 72м            ; 52.073084; 23.670842;G
$;M;R  ;BR.; Брест               ;              ;    ;  713 ;    ;    ; 223 ; 5518 ;1 34 67 9;223;  567 ;0   ;03.07.17 ; Варшавский мост     ; погранпереход РБ-Польша, башня 72м            ; 52.073084; 23.670842;G
$;M;R  ;BR.; Брест               ;              ;    ;  713 ;    ;    ; 223 ;  203 ;1  4  7  ;   ;      ;    ;03.07.17 ; Варшавский мост     ; погранпереход РБ-Польша, башня 72м            ; 52.073084; 23.670842;G
$;M;R  ;BR.; Брест               ;              ;    ;  713 ;    ;    ; 223 ; 1992 ;      8  ;   ;      ;    ;03.07.17 ; Варшавский мост     ; погранпереход РБ-Польша, башня 72м            ; 52.073084; 23.670842;G
$;M;R  ;BR.; Брест               ; BREST        ;220 ;  716 ;123 ;456 ; 220 ; 1397 ;123456789;220;  567 ;123 ;07.08.05 ; Поплавского 54      ; ОАО "Брестхлебопродукт", трубостойки          ; 52.097811; 23.665928;G
$;M;R  ;BR.; Брест               ;              ;    ;  716 ;    ;    ; 220 ; 1296 ;1  4  7  ;   ;      ;    ;07.08.05 ; Поплавского 54      ; ОАО "Брестхлебопродукт", трубостойки          ; 52.097811; 23.665928;G
$;M;R  ;BR.; Брест               ;              ;    ;  716 ;    ;    ; 220 ; 2147 ; 5       ;   ;      ;    ;07.08.05 ; Поплавского 54      ; ОАО "Брестхлебопродукт", трубостойки          ; 52.097811; 23.665928;G
$;M;R  ;BR.; Брест               ; ZADVORTSY    ;224 ;  720 ;123 ;456 ; 224 ; 1403 ;123456 8 ;224;  567 ;456 ;09.06.05 ; Старые Задворцы     ; Коммерческая 17, СП "Веставто", мачта на земле; 52.131885; 23.772623;G
$;M;R  ;BR.; Брест               ; BREST        ;224 ;  721 ;123 ;456 ; 224 ; 1404 ;123456789;224;  567 ;789 ;12.12.04 ; Гоздецкого 11       ; РУСП "Брестжилстрой", мачта                   ; 52.112555; 23.786330;G
$;M;R  ;BR.; Брест               ; BREST        ;    ;  721 ;    ;    ; 224 ; 1295 ;1  4  7  ;   ;      ;    ;12.12.04 ; Гоздецкого 11       ; РУСП "Брестжилстрой", мачта                   ; 52.112555; 23.786330;G
$;M;R  ;BR.; Брест               ; BREST        ;    ;  721 ;    ;    ; 224 ; 2147 ; 123     ;   ;      ;    ;12.12.04 ; Гоздецкого 11       ; РУСП "Брестжилстрой", мачта                   ; 52.112555; 23.786330;G
$;M;R  ;BR.; Брест               ; BREST        ;223 ;  726 ;123 ;456 ; 223 ; 1414 ;123456789;223; 1108 ;012 ;12.12.04 ; Суворова 112        ; общ.N2 УП "Завод Цветотрон", мачта            ; 52.072402; 23.761033;G
$;M;R  ;BR.; Брест               ;              ;    ;  726 ;    ;    ; 223 ; 1416 ;1  4  7  ;   ;      ;    ;19.04.17 ; Суворова 112        ; общ.N2 УП "Завод Цветотрон", мачта            ; 52.072402; 23.761033;G
$;M;R  ;BR.; Брест               ;              ;    ;  726 ;    ;    ; 223 ; 2087 ;9        ;   ;      ;    ;19.04.17 ; Суворова 112        ; общ.N2 УП "Завод Цветотрон", мачта            ; 52.072402; 23.761033;G
$;M;R  ;BR.; Брест               ;              ;    ;  726 ;    ;    ; 223 ; 2100 ; 123     ;   ;      ;    ;19.04.17 ; Суворова 112        ; общ.N2 УП "Завод Цветотрон", мачта            ; 52.072402; 23.761033;G
$;M;R  ;BR.; Брест               ; BREST        ;224 ;  727 ;123 ;456 ; 224 ; 1425 ;123456789;224; 1108 ;345 ;12.12.04 ; Партизанский пр. 30 ; общежитие N2 ОАО "Ковры Бреста", мачта        ; 52.109824; 23.757976;G
$;M;R  ;BR.; Брест               ;              ;    ;  727 ;    ;    ; 224 ; 1439 ;1  4  7  ;   ;      ;    ;08.11.15 ; Партизанский пр. 30 ; общежитие N2 ОАО "Ковры Бреста", мачта        ; 52.109824; 23.757976;G
$;M;R  ;BR.; Брест               ;              ;    ;  727 ;    ;    ; 224 ; 1666 ;12 4     ;   ;      ;    ;08.11.15 ; Партизанский пр. 30 ; общежитие N2 ОАО "Ковры Бреста", мачта        ; 52.109824; 23.757976;G
$;M;R  ;BR.; Брест               ; BREST        ;227 ;  728 ;123 ;456 ; 227 ; 1440 ;123456789;227; 1108 ;678 ;24.12.04 ; Машерова пр. 75/1   ; ОАО "Брестская типография", мачта             ; 52.088839; 23.714010;G
$;M;R  ;BR.; Брест               ;              ;    ;  728 ;    ;    ; 227 ; 1451 ;123456789;   ;      ;    ;15.03.16 ; Машерова пр. 75/1   ; ОАО "Брестская типография", мачта             ; 52.088839; 23.714010;G
$;M;R  ;BR.; Брест               ;              ;    ;  728 ;    ;    ; 227 ; 2207 ;   456   ;   ;      ;    ;15.03.16 ; Машерова пр. 75/1   ; ОАО "Брестская типография", мачта             ; 52.088839; 23.714010;G
$;M;R  ;BR.; Брест               ; BREST        ;223 ;  759 ;123 ;456 ; 223 ; 1505 ;1234 67 9;223; 1108 ;9   ;10.06.06 ; Жукова 16           ; мкр-н Южный, столб                            ; 52.058981; 23.730660;G
$;M;R  ;BR.; Брест               ;              ;    ;  759 ;    ;    ; 223 ; 4960 ;  8      ;223; 2551 ;01  ;10.06.06 ; Жукова 16           ; мкр-н Южный, столб                            ; 52.058981; 23.730660;G
$;M;R  ;BR.; Брест               ; BREST        ;220 ;  760 ;123 ;456 ; 220 ; 1514 ; 23456 89;220; 2551 ;34  ;19.09.05 ; Красногвардейская 108/2; Мостотряд-58, мачта                        ; 52.123743; 23.690231;G
$;M;R  ;BR.; Брест               ;              ;    ;  760 ;    ;    ; 220 ; 2147 ;        9;   ;      ;    ;08.01.24 ; Красногвардейская 108/2; Мостотряд-58, мачта                        ; 52.123743; 23.690231;G
$;M;R  ;BR.; Брест               ;              ;    ;  760 ;    ;    ; 220 ;   97 ;1  4  7  ;   ;      ;    ;19.09.05 ; Красногвардейская 108/2; Мостотряд-58, мачта                        ; 52.123743; 23.690231;G
$;M;R  ;BR.; Брест               ; BREST        ;223 ;  774 ;123 ;456 ; 223 ; 1527 ;123456789;223; 2551 ;567 ;18.09.05 ; Луцкая 12           ; здание электроподстанции, мачта               ; 52.078306; 23.744353;G
$;M;R  ;BR.; Брест               ;              ;    ;  774 ;    ;    ; 223 ; 2085 ;89       ;   ;      ;    ;18.09.05 ; Луцкая 12           ; здание электроподстанции, мачта               ; 52.078306; 23.744353;G
$;M;R  ;BR.; Брест               ;              ;    ;  774 ;    ;    ; 223 ; 2087 ;  1      ;   ;      ;    ;18.09.05 ; Луцкая 12           ; здание электроподстанции, мачта               ; 52.078306; 23.744353;G
$;M;R  ;BR.; Брест               ; BREST        ;227 ;  776 ;123 ;456 ; 227 ; 1539 ;123456789;227; 2551 ;89  ;07.08.05 ; Советская 33        ; РУП "Белтелеком", трубостойки                 ; 52.094719; 23.690750;G
$;M;R  ;BR.; Брест               ;              ;    ;  776 ;    ;    ; 227 ;  893 ;1  4  7  ;227; 2566 ;0   ;24.06.17 ; Советская 33        ; РУП "Белтелеком", трубостойки                 ; 52.094719; 23.690750;G
$;M;R  ;BR.; Брест               ;              ;    ;  776 ;    ;    ; 227 ; 2170 ;89       ;   ;      ;    ;24.06.17 ; Советская 33        ; РУП "Белтелеком", трубостойки                 ; 52.094719; 23.690750;G
$;M;R  ;BR.; Брест               ;              ;    ;  776 ;    ;    ; 227 ; 2171 ;  12     ;   ;      ;    ;24.06.17 ; Советская 33        ; РУП "Белтелеком", трубостойки                 ; 52.094719; 23.690750;G
$;M;R  ;BR.; Брест               ; BREST        ;220 ;  794 ;123 ;456 ; 220 ; 1587 ;1  456789;220; 4051 ;67  ;26.05.05 ; Белорусская 51      ; ОАО "Брестский завод бытовой химии", трипод   ; 52.121551; 23.657216;G
$;M;R  ;BR.; Брест               ; BREST        ;227 ;  795 ;1 3 ;456 ; 227 ; 1590 ;123456789;227; 2566 ;123 ;26.05.05 ; Куйбышева 64        ; вышка Брестской студии телевидения            ; 52.091827; 23.696558;G
$;M;R  ;BR.; Брест               ;              ;    ;  795 ;    ;    ; 227 ; 2101 ;4 6      ;   ;      ;    ;26.05.05 ; Куйбышева 64        ; вышка Брестской студии телевидения            ; 52.091827; 23.696558;G
$;M;R  ;BR.; Брест               ; BREST        ; 86 ; 1046 ;123 ;456 ; 220 ; 1736 ;1234  7  ;220; 2491 ;8   ;29.10.15 ; Приграничная        ; башня life:) 40м                              ; 52.118881; 23.628594;G
$;M;R  ;BR.; Брест               ;              ;    ; 1046 ;    ;    ;     ;      ;         ;220; 2492 ;0   ;14.11.17 ; Приграничная        ; башня life:) 40м                              ; 52.118881; 23.628594;G
$;M;R  ;BR.; Брест               ;              ; 26 ; 1077 ;1 3 ;456 ; 223 ; 1738 ;  3    8 ;223; 2493 ;0   ;06.08.16 ; в р-не Красный Двор ; спорткомплекс Брестжилстрой, столб освещения  ; 52.071557; 23.798774;G
$;M;R  ;BR.; Брест               ;              ;    ; 1153 ;    ;    ; 223 ; 2561 ;12 45 78 ;   ;      ;    ;27.07.17 ; Махновича 34Б       ; опора освещения (С-З)                         ; 52.067627; 23.696723;G
$;M;R  ;BR.; Брест               ;              ;    ; 1153 ;    ;    ; 223 ; 2561 ;  3  6  9;   ;      ;    ;30.05.17 ; Махновича 34Б       ; опора освещения (Ю-В)                         ; 52.067644; 23.696757;G 
$;M;R  ;BR.; Брест               ;              ;    ; 1156 ;    ;    ; 224 ; 4228 ;123456789;   ;      ;    ;19.04.17 ; Мошенского          ; гаражи, столб                                 ; 52.112837; 23.739792;G
$;M;R  ;BR.; Брест               ;              ;    ; 1156 ;    ;    ; 224 ; 4571 ;12 45 78 ;   ;      ;    ;22.04.17 ; Мошенского          ; гаражи, столб                                 ; 52.112837; 23.739792;G
$;M;R  ;BR.; Брест               ;              ;    ; 1156 ;    ;    ; 224 ; 2188 ; 9       ;   ;      ;    ;22.04.17 ; Мошенского          ; гаражи, столб                                 ; 52.112837; 23.739792;G
$;M;R  ;BR.; Брест               ;              ;    ; 1156 ;    ;    ; 224 ; 2195 ;  1      ;   ;      ;    ;22.04.17 ; Мошенского          ; гаражи, столб                                 ; 52.112837; 23.739792;G
$;M;R  ;BR.; Брест               ;              ;    ; 1213 ;    ;    ; 223 ; 5009 ;123456789;   ;      ;    ;26.11.17 ; Екельчика           ; башня 40м                                     ; 52.066027; 23.708579;G
$;M;R  ;BR.; Брест               ;              ;    ; 1213 ;    ;    ; 223 ; 2578 ;1  4  7  ;   ;      ;    ;26.11.17 ; Екельчика           ; башня 40м                                     ; 52.066027; 23.708579;G
$;M;R  ;BR.; Брест               ;              ;    ; 1213 ;    ;    ; 223 ; 2054 ;1234     ;   ;      ;    ;26.11.17 ; Екельчика           ; башня 40м                                     ; 52.066027; 23.708579;G
$;M;R  ;BR.; Брест               ;              ;    ; 1268 ;    ;    ; 227 ; 2558 ;123456789;   ;      ;    ;29.06.17 ; Машерова пр. 6А     ; БЦ "Цельсий", трипод                          ; 52.086515; 23.679095;G 
$;M;R  ;BR.; Брест               ;              ;    ; 1384 ;    ;    ; 224 ; 5567 ;123456789;   ;      ;    ;24.01.18 ; Московская 273В     ; ТЦ "Корона", трубостойки                      ; 52.097331; 23.766799;G
$;M;R  ;BR.; Брест               ;              ;    ; 1384 ;    ;    ; 224 ; 1866 ; 67      ;   ;      ;    ;24.01.18 ; Московская 273В     ; ТЦ "Корона", трубостойки                      ; 52.097331; 23.766799;G
$;M;RVM;BR.; Брест               ;              ;    ; 1384 ;    ;    ; 224 ; 5570 ;1  4  7  ;   ;      ;    ;24.01.18 ; Московская 273В     ; ТЦ "Корона", внутри                           ; 52.097331; 23.766799;G 
$;M;R  ;BR.; Брест               ;              ;223 ; 1489 ;    ;45  ; 223 ;  419 ;12345 78 ;   ;      ;    ;07.08.18 ; Луцкая 65           ; жилой дом, трубостойки                        ; 52.078598; 23.762368;G
$;M;R  ;BR.; Брест               ;              ;223 ; 1489 ;    ;80  ; 223 ;  856 ;12 45 78 ;   ;      ;    ;07.08.18 ; Луцкая 65           ; жилой дом, трубостойки                        ; 52.078598; 23.762368;G
$;M;R  ;BR.; Брест               ;              ;    ; 1489 ;    ;    ; 223 ; 4201 ; 8       ;   ;      ;    ;07.08.18 ; Луцкая 65           ; жилой дом, трубостойки                        ; 52.078598; 23.762368;G
$;M;R  ;BR.; Брест               ;              ;    ; 1610 ;    ;    ; 224 ; 1455 ;1234  7  ;   ;      ;    ;24.07.18 ; Московская 263      ; супермаркет "EUROSPAR", трубостойки           ; 52.097162; 23.754556;G
$;M;R  ;BR.; Брест               ;              ;    ; 1610 ;    ;    ; 224 ; 1458 ; 23 56 89;   ;      ;    ;24.07.18 ; Московская 263      ; супермаркет "EUROSPAR", трубостойки           ; 52.097162; 23.754556;G
$;M;R  ;BR.; Брест               ;              ;    ; 1633 ;    ;    ; 223 ; 1334 ;123456789;   ;      ;    ;24.07.18 ; Сальникова          ; опора освещения (С-З)                         ; 52.072014; 23.704265;G
$;M;R  ;BR.; Брест               ;              ;    ; 1633 ;    ;    ; 223 ; 4215 ;567      ;   ;      ;    ;24.07.18 ; Сальникова          ; опора освещения (С-З)                         ; 52.072014; 23.704265;G
$;M;R  ;BR.; Брест               ;              ;    ; 1650 ;    ;    ; 224 ; 1613 ; 2 45678 ;   ;      ;    ;24.07.18 ; Мошенского 110Б     ; опора освещения                               ; 52.116212; 23.749226;G
$;M;R  ;BR.; Брест               ;              ;    ; 1676 ;    ;    ; 224 ; 1465 ;123 56 89;   ;      ;    ;24.07.18 ; Партизанский пр. 17 ; здание, трипод                                ; 52.107571; 23.760493;G
$;M;R  ;BR.; Брест               ;              ;    ; 1676 ;    ;    ; 224 ; 1470 ;1  4  7  ;   ;      ;    ;24.07.18 ; Партизанский пр. 17 ; здание, трипод                                ; 52.107571; 23.760493;G
$;M;R  ;BR.; Брест               ;              ;    ; 1676 ;    ;    ; 224 ; 4217 ;  9      ;   ;      ;    ;24.07.18 ; Партизанский пр. 17 ; здание, трипод                                ; 52.107571; 23.760493;G
$;M;R  ;BR.; Брест               ;              ;    ; 1676 ;    ;    ; 224 ; 4219 ;   1     ;   ;      ;    ;24.07.18 ; Партизанский пр. 17 ; здание, трипод                                ; 52.107571; 23.760493;G
$;M;RVM;BR.; Брест               ; BREST        ; 85 ; 1701 ;    ;4   ;     ;      ;         ;   ;      ;    ;02.02.07 ; Машерова пр. 46     ; офис МТС, внутри                              ; 52.086613; 23.694627;G
$;M;R  ;BR.; Брест               ;              ;    ; 1958 ;    ;    ; 227 ;  867 ;1 34 67 9;   ;      ;    ;05.04.19 ; Гоголя 83           ; опора освещения (юг)                          ; 52.093750; 23.707639;G
$;M;R  ;BR.; Брест               ;              ;    ; 1958 ;    ;    ; 227 ;  867 ; 2  5  8 ;   ;      ;    ;05.04.19 ; Гоголя 83           ; опора освещения (север)                       ; 52.094139; 23.707083;G
$;M;R  ;BR.; Брест               ;              ;    ; 1958 ;    ;    ; 227 ; 4250 ;45       ;   ;      ;    ;05.04.19 ; Гоголя 83           ; опора освещения (север)                       ; 52.094139; 23.707083;G
$;M;R  ;BR.; Брест               ;              ;    ; 1958 ;    ;    ; 227 ;  867 ; 2  5  8 ;   ;      ;    ;05.04.19 ; Гоголя 83           ; опора освещения (север)                       ; 52.094139; 23.707083;G
$;M;R  ;BR.; Брест               ;              ;    ; 1970 ;    ;    ; 220 ;  819 ;123456789;220;  270 ;89  ;15.06.19 ; Кижеватова 3Б       ; Белинтертранс, трубостойки                    ; 52.102300; 23.683140;G
$;M;R  ;BR.; Брест               ;              ;    ; 1970 ;    ;    ; 220 ;  824 ;1  4  7  ;220;  271 ;  01;15.06.19 ; Кижеватова 3Б       ; Белинтертранс, трубостойки                    ; 52.102300; 23.683140;G
$;M;R  ;BR.; Брест               ;              ;    ; 1970 ;    ;    ; 220 ; 4269 ;45 7     ;   ;      ;    ;15.06.19 ; Кижеватова 3Б       ; Белинтертранс, трубостойки                    ; 52.102300; 23.683140;G
$;M;RVM;BR.; Брест               ;              ;    ; хххх ;    ;    ; 223 ;   41 ;1  4  7  ;   ;      ;    ;07.02.18 ; Варшавское ш. 11    ; ТЦ "Евроопт", внутри                          ; 52.075231; 23.718006;G
$;M;RVM;BR.; Брест               ;              ;    ; 2065 ;    ;    ; 224 ;   44 ;1     7  ;   ;      ;    ;14.06.18 ; Гаврилова 16        ; гипермаркет "Green", внутри                   ; 52.108653; 23.772486;G
$;M;R  ;BR.; Брест               ;              ;    ; 2080 ;    ;    ; 224 ;   94 ;     6   ;   ;      ;    ;08.11.15 ; Ленинградская 4     ; ЦОР "Виктория", трубостойки?                  ; 52.114083; 23.778172;Y
$;M;R  ;BR.; Брест               ;              ;    ; 2080 ;    ;    ; 224 ; 4273 ;  9      ;   ;      ;    ;08.11.15 ; Ленинградская 4     ; ЦОР "Виктория", трубостойки?                  ; 52.114083; 23.778172;Y
$;M;R  ;BR.; Брест               ;              ;    ; 2265 ;    ;    ; 224 ; 2150 ;123456789;   ;      ;    ;08.11.15 ; Республики пр.      ; башня A1 40м                                  ; 52.093956; 23.764976;G
$;M;R  ;BR.; Брест               ;              ;    ; 2265 ;    ;    ; 224 ; 2159 ;12 45 78 ;   ;      ;    ;18.07.16 ; Республики пр.      ; башня A1 40м                                  ; 52.093956; 23.764976;G
$;M;R  ;BR.; Брест               ;              ;    ; 2265 ;    ;    ; 224 ; 2211 ;9        ;   ;      ;    ;18.07.16 ; Республики пр.      ; башня A1 40м                                  ; 52.093956; 23.764976;G
$;M;R  ;BR.; Брест               ;              ;    ; 2265 ;    ;    ; 224 ; 2212 ; 1       ;   ;      ;    ;18.07.16 ; Республики пр.      ; башня A1 40м                                  ; 52.093956; 23.764976;G
$;M;R  ;BR.; Брест               ;              ;    ; 2274 ;    ;    ; 223 ; 2160 ;123456789;   ;      ;    ;27.02.15 ; Красный Двор        ; ООО "Стимул-Брест", опорная мачта life:)      ; 52.085381; 23.790722;G
$;M;R  ;BR.; Брест               ; BREST        ;223 ; 2291 ;123 ;456 ; 223 ; 2162 ;123456 89;223; 2496 ;0   ;13.10.14 ; Гвардейская 19      ; башня 40м                                     ; 52.055202; 23.743277;G
$;M;R  ;BR.; Брест               ; BREST        ;227 ; 2701 ;12  ;456 ; 227 ; 2922 ;123456789;227; 2496 ;789 ;30.12.05 ; Кирова 82           ; общежитие колледжа связи, мачта               ; 52.090946; 23.704302;G
$;M;R  ;BR.; Брест               ;              ;    ; 2701 ;    ;    ; 227 ; 2208 ;1  4  7  ;   ;      ;    ;18.02.18 ; Кирова 82           ; общежитие колледжа связи, мачта               ; 52.090946; 23.704302;G
$;M;R  ;BR.; Брест               ; BREST        ;227 ; 2702 ;12  ;456 ; 227 ; 2924 ;123456789;227; 2497 ;089 ;28.10.05 ; Дзержинского 3      ; общежитие N1 БрГУ, мачта                      ; 52.088220; 23.687639;G
$;M;R  ;BR.; Брест               ;              ;    ; 2702 ;    ;    ; 227 ; 1344 ;123456789;   ;      ;    ;20.02.18 ; Дзержинского 3      ; общежитие N1 БрГУ, мачта                      ; 52.088220; 23.687639;G
$;M;R  ;BR.; Брест               ;              ;    ; 2702 ;    ;    ; 227 ; 2148 ;34 678   ;   ;      ;    ;20.02.18 ; Дзержинского 3      ; общежитие N1 БрГУ, мачта                      ; 52.088220; 23.687639;G
$;M;R  ;BR.; Брест               ; BREST        ;220 ; 2703 ;123 ;456 ; 220 ; 2925 ;123456789;220; 2900 ;069 ;29.11.05 ; Орджоникидзе 16/1   ; УП "Белжелдорсервис", мачта                   ; 52.100292; 23.685793;G
$;M;R  ;BR.; Брест               ;              ;    ; 2703 ;    ;    ; 220 ; 2928 ;12 45 78 ;   ;      ;    ;01.08.16 ; Орджоникидзе 16/1   ; УП "Белжелдорсервис", мачта                   ; 52.100292; 23.685793;G
$;M;R  ;BR.; Брест               ;              ;    ; 2703 ;    ;    ; 220 ; 2195 ;45678    ;   ;      ;    ;01.08.16 ; Орджоникидзе 16/1   ; УП "Белжелдорсервис", мачта                   ; 52.100292; 23.685793;G
$;M;R  ;BR.; Брест               ; BREST        ;227 ; 2704 ;123 ;456 ; 227 ; 2937 ;123456789;227; 2901 ;08  ;24.12.05 ; Пушкинская 100/1    ; общежитие N4 БрГУ, трубостойки                ; 52.102035; 23.703710;G
$;M;R  ;BR.; Брест               ;              ;    ; 2704 ;    ;    ; 227 ; 2938 ;1  4  7  ;227; 2902 ;0   ;15.03.16 ; Пушкинская 100/1    ; общежитие N4 БрГУ, трубостойки                ; 52.102035; 23.703710;G
$;M;R  ;BR.; Брест               ;              ;    ; 2704 ;    ;    ; 227 ; 2074 ;2        ;   ;      ;    ;15.03.16 ; Пушкинская 100/1    ; общежитие N4 БрГУ, трубостойки                ; 52.102035; 23.703710;G
$;M;R  ;BR.; Брест               ; BREST        ;224 ; 2705 ;123 ;456 ; 224 ; 2940 ; 23456789;224; 2902 ;89  ;04.02.06 ; Молодогвардейская 5 ; общежитие ПО "Снежинка", мачта                ; 52.103524; 23.753212;G
$;M;R  ;BR.; Брест               ;              ;    ; 2705 ;    ;    ; 224 ; 2941 ;1  45 78 ;224; 2903 ;0   ;03.04.16 ; Молодогвардейская 5 ; общежитие ПО "Снежинка", мачта                ; 52.103524; 23.753212;G
$;M;R  ;BR.; Брест               ;              ;    ; 2705 ;    ;    ; 224 ; 2171 ;  5      ;   ;      ;    ;03.04.16 ; Молодогвардейская 5 ; общежитие ПО "Снежинка", мачта                ; 52.103524; 23.753212;G
$;M;R  ;BR.; Брест               ; BREST        ;224 ; 2706 ;123 ;456 ; 224 ; 2942 ;123456789;224; 2903 ;9   ;28.10.05 ; Московская 348/3    ; ФОК, мачта                                    ; 52.105488; 23.773661;G
$;M;R  ;BR.; Брест               ;              ;    ; 2706 ;    ;    ; 224 ; 1022 ;12 45 78 ;224; 2904 ;05  ;01.07.17 ; Московская 348/3    ; ФОК, мачта                                    ; 52.105488; 23.773661;G
$;M;R  ;BR.; Брест               ;              ;    ; 2706 ;    ;    ; 224 ; 2200 ;6789     ;   ;      ;    ;01.07.17 ; Московская 348/3    ; ФОК, мачта                                    ; 52.105488; 23.773661;G
$;M;R  ;BR.; Брест               ;              ;    ; 2706 ;    ;    ; 224 ; 2202 ;    1    ;   ;      ;    ;01.07.17 ; Московская 348/3    ; ФОК, мачта                                    ; 52.105488; 23.773661;G
$;M;R  ;BR.; Брест               ; BREST        ;224 ; 2707 ; 23 ;456 ; 224 ; 2955 ; 23456 89;224; 2904 ;8   ;14.12.05 ; Янки Купалы 12/2    ; общежитие "Автомобилист", триподы             ; 52.103532; 23.729717;G
$;M;R  ;BR.; Брест               ;              ;    ; 2707 ;    ;    ;     ;      ;         ;224; 2905 ;0   ;25.11.17 ; Янки Купалы 12/2    ; общежитие "Автомобилист", триподы             ; 52.103532; 23.729717;G
$;M;R  ;BR.; Брест               ; BREST        ; 86 ; 2708 ;123 ;456 ; 220 ; 2998 ;123   789;220; 2905 ;7   ;28.10.05 ; Дубровская 36       ; СООО "БрестВнешТранс", мачта                  ; 52.132500; 23.649420;G
$;M;R  ;BR.; Брест               ;              ;    ; 2708 ;    ;    ;     ;      ;         ;220; 2906 ;04  ;12.11.17 ; Дубровская 36       ; СООО "БрестВнешТранс", мачта                  ; 52.132500; 23.649420;G
$;M;R  ;BR.; Брест               ; BREST        ;227 ; 2709 ;123 ;456 ; 227 ; 2999 ;123456789;227; 2906 ;78  ;12.10.04 ; Гоголя 2            ; БТИ, трубостойки                              ; 52.088695; 23.673857;G
$;M;R  ;BR.; Брест               ;              ;    ; 2709 ;    ;    ; 227 ; 3208 ;1  4  7  ;227; 2907 ;0   ;05.04.16 ; Гоголя 2            ; БТИ, трубостойки                              ; 52.088695; 23.673857;G
$;M;R  ;BR.; Брест               ;              ;    ; 2709 ;    ;    ; 227 ; 4290 ;5678     ;   ;      ;    ;05.04.16 ; Гоголя 2            ; БТИ, трубостойки                              ; 52.088695; 23.673857;G
$;M;R  ;BR.; Брест               ; BREST        ;220 ; 2710 ;123 ;456 ; 220 ; 3300 ;12 45678 ;220; 2907 ;8   ;31.03.06 ; ГОБК 53             ; автобаза мед.учреждений, мачта                ; 52.091234; 23.645600;G
$;M;R  ;BR.; Брест               ;              ;    ; 2710 ;    ;    ; 220 ; 4612 ;1  4  7  ;220; 2908 ;06  ;14.11.17 ; ГОБК 53             ; автобаза мед.учреждений, мачта                ; 52.091234; 23.645600;G
$;M;R  ;BR.; Брест               ;              ;    ; 2710 ;    ;    ; 220 ; 4291 ; 1 3     ;   ;      ;    ;14.11.17 ; ГОБК 53             ; автобаза мед.учреждений, мачта                ; 52.091234; 23.645600;G
$;M;R  ;BR.; Брест               ; BREST        ;224 ; 2712 ;123 ;456 ; 224 ; 3312 ;1234 6789;224; 2908 ;79  ;04.02.06 ; Ленинградская 15А   ; ЦТП-16, мачта                                 ; 52.109916; 23.767396;G
$;M;R  ;BR.; Брест               ;              ;    ; 2712 ;    ;    ; 224 ; 3403 ;1  4  7  ;224; 2909 ;0   ;28.12.15 ; Ленинградская 15А   ; ЦТП-16, мачта                                 ; 52.109916; 23.767396;G
$;M;R  ;BR.; Брест               ;              ;    ; 2712 ;    ;    ; 224 ; 2053 ;6        ;   ;      ;    ;28.12.15 ; Ленинградская 15А   ; ЦТП-16, мачта                                 ; 52.109916; 23.767396;G
$;M;R  ;BR.; Брест               ; BREST        ;224 ; 2713 ;123 ;456 ; 224 ; 3467 ;123456789;224; 2909 ;789 ;04.01.06 ; Скрипникова 91      ; жилой дом, трубостойки                        ; 52.107017; 23.715555;G
$;M;R  ;BR.; Брест               ;              ;    ; 2713 ;    ;    ; 224 ; 2102 ;7 9      ;   ;      ;    ;04.01.06 ; Скрипникова 91      ; жилой дом, трубостойки                        ; 52.107017; 23.715555;G
$;M;R  ;BR.; Брест               ; BREST        ;224 ; 2716 ;123 ;456 ; 224 ; 3522 ;123456789;224; 2910 ;0   ;14.12.05 ; Лактионова 11       ; Центральная городская больница, трубостойки   ; 52.097132; 23.785304;G
$;M;R  ;BR.; Брест               ;              ;    ; 2716 ;    ;    ; 224 ; 3523 ;1  4  7  ;224; 2910 ;9   ;07.07.16 ; Лактионова 11       ; Центральная городская больница, трубостойки   ; 52.097132; 23.785304;G
$;M;R  ;BR.; Брест               ;              ;    ; 2716 ;    ;    ;     ;      ;         ;224; 2911 ;0   ;07.07.16 ; Лактионова 11       ; Центральная городская больница, трубостойки   ; 52.097132; 23.785304;G
$;M;R  ;BR.; Брест               ; BREST        ;223 ; 2718 ;123 ;456 ; 223 ; 3599 ;123456789;223; 2916 ;89  ;04.01.06 ; Сябровская 107      ; мкр-н Вулька, ЦТП, мачта                      ; 52.069174; 23.721759;G
$;M;R  ;BR.; Брест               ;              ;    ; 2718 ;    ;    ; 223 ;  894 ;1  4  7  ;223; 2929 ;0   ;04.05.17 ; Сябровская 107      ; мкр-н Вулька, ЦТП, мачта                      ; 52.069174; 23.721759;G
$;M;R  ;BR.; Брест               ; BREST        ;224 ; 2719 ;12  ;456 ; 224 ; 3646 ;123   789;224; 2929 ;7   ;31.03.06 ; 3-й Заводской 34    ; общежитие N4 ОАО "БЭМЗ", трубостойки          ; 52.108007; 23.736054;G
$;M;R  ;BR.; Брест               ;              ;    ; 2719 ;    ;    ;     ;      ;         ;224; 2960 ;0   ;24.06.17 ; 3-й Заводской 34    ; общежитие N4 ОАО "БЭМЗ", трубостойки          ; 52.108007; 23.736054;G
$;M;R  ;BR.; Брест               ; BREST        ;223 ; 2720 ;123 ;456 ; 223 ; 3664 ;123456789;223; 2960 ;789 ;31.03.06 ; Луцкая 48           ; ТП-456, мачта                                 ; 52.078897; 23.749558;G
$;M;R  ;BR.; Брест               ;              ;    ; 2720 ;    ;    ; 223 ; 1666 ;89       ;   ;      ;    ;31.03.06 ; Луцкая 48           ; ТП-456, мачта                                 ; 52.078897; 23.749558;G
$;M;R  ;BR.; Брест               ;              ;    ; 2720 ;    ;    ; 223 ; 1687 ;  1      ;   ;      ;    ;31.03.06 ; Луцкая 48           ; ТП-456, мачта                                 ; 52.078897; 23.749558;G
$;M;R  ;BR.; Брест               ; BREST        ;227 ; 2721 ;123 ;456 ; 227 ; 3676 ;123456789;227; 2964 ;035 ;31.03.06 ; Гоголя 75           ; здание, триподы                               ; 52.094039; 23.702511;G
$;M;R  ;BR.; Брест               ;              ;    ; 2721 ;    ;    ; 227 ; 1024 ;12 45 78 ;   ;      ;    ;31.03.06 ; Гоголя 75           ; здание, триподы                               ; 52.094039; 23.702511;G
$;M;R  ;BR.; Брест               ;              ;    ; 2721 ;    ;    ; 227 ; 2202 ;  456    ;   ;      ;    ;31.03.06 ; Гоголя 75           ; здание, триподы                               ; 52.094039; 23.702511;G
$;M;R  ;BR.; Брест               ; BREST        ;224 ; 2722 ;123 ;456 ; 224 ; 3679 ;123456789;224; 2964 ;678 ;31.03.06 ; Сов.Конституции 1   ; дом быта, мачта                               ; 52.099386; 23.751131;G
$;M;R  ;BR.; Брест               ;              ;    ; 2722 ;    ;    ; 224 ; 3683 ;123456789;   ;      ;    ;09.02.15 ; Сов.Конституции 1   ; дом быта, мачта                               ; 52.099386; 23.751131;G
$;M;R  ;BR.; Брест               ; BREST        ;223 ; 2723 ;123 ;456 ; 223 ; 3686 ;123456789;223; 2964 ;9   ;12.04.06 ; Суворова 96/2       ; общежитие N3 УП "Завод Цветотрон", триподы    ; 52.071915; 23.751010;G
$;M;R  ;BR.; Брест               ;              ;    ; 2723 ;    ;    ; 223 ; 1956 ;567      ;223; 2966 ;04  ;03.05.17 ; Суворова 96/2       ; общежитие N3 УП "Завод Цветотрон", триподы    ; 52.071915; 23.751010;G
$;M;R  ;BR.; Брест               ; BREST        ;227 ; 2724 ;123 ;456 ; 227 ; 3687 ;123456789;227; 2966 ;578 ;12.04.06 ; Шевченко 6          ; гостиница "Беларусь", трубостойки             ; 52.086070; 23.704483;G
$;M;R  ;BR.; Брест               ;              ;    ; 2724 ;    ;    ; 227 ; 3688 ;12 45 78 ;   ;      ;    ;16.08.16 ; Шевченко 6          ; гостиница "Беларусь", трубостойки             ; 52.086070; 23.704483;G
$;M;R  ;BR.; Брест               ;              ;    ; 2724 ;    ;    ; 227 ; 2138 ;9        ;   ;      ;    ;16.08.16 ; Шевченко 6          ; гостиница "Беларусь", трубостойки             ; 52.086070; 23.704483;G
$;M;R  ;BR.; Брест               ;              ;    ; 2724 ;    ;    ; 227 ; 2139 ;    4    ;   ;      ;    ;16.08.16 ; Шевченко 6          ; гостиница "Беларусь", трубостойки             ; 52.086070; 23.704483;G
$;M;R  ;BR.; Брест               ; BREST        ;227 ; 2725 ;123 ;456 ; 227 ; 3690 ;123456789;227; 2966 ;9   ;10.06.06 ; Карла Маркса 88     ; клуб фабрики "Динамо", трипод                 ; 52.084315; 23.689510;G
$;M;R  ;BR.; Брест               ;              ;    ; 2725 ;    ;    ; 227 ; 4293 ;456      ;227; 3042 ;02  ;12.05.17 ; Карла Маркса 88     ; клуб фабрики "Динамо", трипод                 ; 52.084315; 23.689510;G
$;M;R  ;BR.; Брест               ; BREST        ;223 ; 2726 ;123 ;456 ; 223 ; 3691 ;123456789;223; 3042 ;356 ;10.06.06 ; Рябиновая 4         ; ЦТП, мачта                                    ; 52.067080; 23.729216;G
$;M;R  ;BR.; Брест               ;              ;    ; 2726 ;    ;    ; 223 ; 3692 ;1  4  7  ;   ;      ;    ;04.11.15 ; Рябиновая 4         ; ЦТП, мачта                                    ; 52.067080; 23.729216;G
$;M;R  ;BR.; Брест               ; BREST        ;224 ; 2730 ;1237;4568; 224 ; 3695 ;123456789;224; 3043 ;0235;28.10.05 ; Медицинская 7       ; областная больница, мачта                     ; 52.106206; 23.814904;G
$;M;R  ;BR.; Брест               ;              ;    ; 2730 ;    ;    ; 224 ; 3697 ;123456789;   ;      ;    ;19.04.15 ; Медицинская 7       ; областная больница, мачта                     ; 52.106206; 23.814904;G
$;M;R  ;BR.; Брест               ;              ;    ; 2730 ;    ;    ; 224 ; 1260 ;1234     ;   ;      ;    ;19.04.15 ; Медицинская 7       ; областная больница, мачта                     ; 52.106206; 23.814904;G
$;M;R  ;BR.; Брест               ; BREST        ;220 ; 2764 ;123 ;456 ; 220 ; 3723 ;123456789;220; 3047 ;567 ;19.07.06 ; Лейтенанта Рябцева  ; СВХ 9-й путь, мачта                           ; 52.114815; 23.673175;G
$;M;R  ;BR.; Брест               ; BREST        ;223 ; 2771 ;123 ;456 ; 223 ; 3735 ;123456789;223; 3086 ;235 ;30.04.06 ; пер.Учительский 24  ; мкр-н Гершоны, СООО "КСМ-Сервис", мачта       ; 52.044833; 23.704408;G
$;M;R  ;BR.; Брест               ;              ;    ; 2771 ;    ;    ; 223 ; 3737 ;1  4  7  ;   ;      ;    ;01.04.15 ; пер.Учительский 24  ; мкр-н Гершоны, СООО "КСМ-Сервис", мачта       ; 52.044833; 23.704408;G
$;M;R  ;BR.; Брест               ;              ;    ; 2771 ;    ;    ; 223 ; 2053 ; 3       ;   ;      ;    ;01.04.15 ; пер.Учительский 24  ; мкр-н Гершоны, СООО "КСМ-Сервис", мачта       ; 52.044833; 23.704408;G
$;M;R  ;BR.; Брест               ; BREST        ;224 ; 2781 ;123 ;456 ; 224 ; 3744 ;123456789;224; 3089 ;023 ;10.06.06 ; Орловская 45        ; ЦТП-2-20, мачта                               ; 52.106862; 23.781176;G
$;M;R  ;BR.; Брест               ;              ;    ; 2781 ;    ;    ; 224 ; 1034 ;1  4  7  ;   ;      ;    ;10.06.06 ; Орловская 45        ; ЦТП-2-20, мачта                               ; 52.106862; 23.781176;G
$;M;R  ;BR.; Брест               ;              ;    ; 2781 ;    ;    ; 224 ; 2172 ;45       ;   ;      ;    ;10.06.06 ; Орловская 45        ; ЦТП-2-20, мачта                               ; 52.106862; 23.781176;G
$;M;R  ;BR.; Брест               ;              ;    ; 4009 ;    ;    ; 220 ; 3820 ;     6  9;   ;      ;    ;08.11.15 ; Дубровская 17/1     ; общежитие, мачта                              ; 52.128074; 23.656524;G
$;M;R  ;BR.; Брест               ;              ;    ; 4017 ;    ;    ; 220 ; 3823 ;123456789;   ;      ;    ;15.11.15 ; ГОБК 27/2           ; автобаза, мачта                               ; 52.092496; 23.659497;G
$;M;R  ;BR.; Брест               ;              ;    ; 4017 ;    ;    ; 220 ; 3826 ;123456789;   ;      ;    ;15.11.15 ; ГОБК 27/2           ; автобаза, мачта                               ; 52.092496; 23.659497;G
$;M;R  ;BR.; Брест               ;              ;    ; 4017 ;    ;    ; 220 ; 2178 ; 56789   ;   ;      ;    ;15.11.15 ; ГОБК 27/2           ; автобаза, мачта                               ; 52.092496; 23.659497;G
$;M;R  ;BR.; Брест               ;              ;    ; 4018 ;    ;    ; 227 ; 3830 ;123456789;   ;      ;    ;12.07.15 ; Дзержинского 52     ; жилой дом, короткая мачта                     ; 52.089284; 23.697746;G
$;M;R  ;BR.; Брест               ;              ;    ; 4018 ;    ;    ; 227 ; 3831 ;1  4  7  ;   ;      ;    ;12.07.15 ; Дзержинского 52     ; жилой дом, короткая мачта                     ; 52.089284; 23.697746;G
$;M;R  ;BR.; Брест               ;              ;    ; 4018 ;    ;    ; 227 ; 2059 ;   3     ;   ;      ;    ;12.07.15 ; Дзержинского 52     ; жилой дом, короткая мачта                     ; 52.089284; 23.697746;G
$;M;R  ;BR.; Брест               ;              ;    ; 4019 ;    ;    ; 220 ; 3832 ;123456789;   ;      ;    ;08.11.15 ; пер.Красногвардейский 10; трипод                                    ; 52.110250; 23.683394;G
$;M;R  ;BR.; Брест               ;              ;    ; 4019 ;    ;    ; 220 ; 3836 ;1  4  7  ;   ;      ;    ;31.07.16 ; пер.Красногвардейский 10; трипод                                    ; 52.110250; 23.683394;G
$;M;R  ;BR.; Брест               ;              ;    ; 4020 ;    ;    ; 223 ; 3838 ;123456789;   ;      ;    ;03.03.15 ; Влодавская 63      ; мкр-н Гершоны, ДЭУ-21 РУП "Бреставтодор", мачта; 52.049299; 23.709247;G
$;M;R  ;BR.; Брест               ;              ;    ; 4020 ;    ;    ; 223 ; 3841 ;1  4  7  ;   ;      ;    ;03.03.15 ; Влодавская 63      ; мкр-н Гершоны, ДЭУ-21 РУП "Бреставтодор", мачта; 52.049299; 23.709247;G
$;M;R  ;BR.; Брест               ;              ;    ; 4020 ;    ;    ; 223 ; 2058 ; 3       ;   ;      ;    ;03.03.15 ; Влодавская 63      ; мкр-н Гершоны, ДЭУ-21 РУП "Бреставтодор", мачта; 52.049299; 23.709247;G
$;M;R  ;BR.; Брест               ;              ;    ; 4021 ;    ;    ; 223 ; 3843 ;123456789;   ;      ;    ;13.02.15 ; Защитников Отечества 10А; АТС, мачта                                ; 52.055913; 23.731826;G
$;M;R  ;BR.; Брест               ;              ;    ; 4021 ;    ;    ; 223 ; 3845 ;1  4  7  ;   ;      ;    ;13.02.15 ; Защитников Отечества 10А; АТС, мачта                                ; 52.055913; 23.731826;G
$;M;R  ;BR.; Брест               ;              ;    ; 4021 ;    ;    ; 223 ; 2058 ;   1     ;   ;      ;    ;13.02.15 ; Защитников Отечества 10А; АТС, мачта                                ; 52.055913; 23.731826;G
$;M;R  ;BR.; Брест               ;              ;    ; 4027 ;    ;    ; 224 ; 3846 ;1 34 67  ;   ;      ;    ;04.08.15 ; Березовская 56      ; столб A1                                      ; 52.117466; 23.724149;G
$;M;R  ;BR.; Брест               ;              ;    ; 4050 ;    ;    ; 220 ; 3874 ;123456789;   ;      ;    ;08.11.15 ; Огородная 5         ; столб life:)                                  ; 52.117640; 23.667695;G
$;M;R  ;BR.; Брест               ;              ;    ; 4050 ;    ;    ; 220 ; 3875 ;1        ;   ;      ;    ;16.04.16 ; Огородная 5         ; столб life:)                                  ; 52.117640; 23.667695;G
$;M;R  ;BR.; Брест               ;              ;    ; 4082 ;    ;    ; 227 ; 3897 ;123456789;   ;      ;    ;11.07.15 ; б-р Космонавтов 75/1; пекарня, короткая мачта                       ; 52.090749; 23.700899;G
$;M;R  ;BR.; Брест               ;              ;    ; 4082 ;    ;    ; 227 ; 3901 ;1  4  7  ;   ;      ;    ;12.07.15 ; б-р Космонавтов 75/1; пекарня, короткая мачта                       ; 52.090749; 23.700899;G
$;M;R  ;BR.; Брест               ;              ;    ; 4082 ;    ;    ; 227 ; 4313 ;3        ;   ;      ;    ;12.07.15 ; б-р Космонавтов 75/1; пекарня, короткая мачта                       ; 52.090749; 23.700899;G
$;M;R  ;BR.; Брест               ;              ;    ; 4084 ;    ;    ; 220 ; 3902 ;1 34567 9;   ;      ;    ;06.05.15 ; Смирнова 100        ; ОАО "Берестейский пекарь", мачта              ; 52.107402; 23.642410;G
$;M;R  ;BR.; Брест               ;              ;    ; 4084 ;    ;    ; 220 ; 3909 ;1  4  7  ;   ;      ;    ;10.05.15 ; Смирнова 100        ; ОАО "Берестейский пекарь", мачта              ; 52.107402; 23.642410;G
$;M;R  ;BR.; Брест               ;              ;    ; 4086 ;    ;    ; 227 ; 3913 ;123456789;   ;      ;    ;10.03.15 ; Д.Донского 11       ; ОАО "Металлист", мачта                        ; 52.089183; 23.721886;G
$;M;R  ;BR.; Брест               ;              ;    ; 4086 ;    ;    ; 227 ; 2073 ;  6      ;   ;      ;    ;10.03.15 ; Д.Донского 11       ; ОАО "Металлист", мачта                        ; 52.089183; 23.721886;G
$;M;R  ;BR.; Брест               ;              ;    ; 4104 ;    ;    ; 224 ; 3924 ;123456789;   ;      ;    ;05.02.15 ; Московское шоссе    ; столб                                         ; 52.103260; 23.789839;G
$;M;R  ;BR.; Брест               ;              ;    ; 4104 ;    ;    ; 224 ; 2059 ; 89      ;   ;      ;    ;05.02.15 ; Московское шоссе    ; столб                                         ; 52.103260; 23.789839;G
$;M;RVM;BR.; Брест               ;              ; 20 ; 4109 ;    ;4   ; 224 ; 3925 ; 2  5  8 ;   ;      ;    ;24.04.14 ; Московская 208      ; БЦ "Брест Деловой", внутри                    ; 52.096452; 23.742622;G
$;M;R  ;BR.; Брест               ;              ;    ; 4109 ;    ;    ; 224 ; 3926 ;123456789;   ;      ;    ;22.02.15 ; Московская 208      ; БЦ "Брест Деловой", трубостойки               ; 52.096452; 23.742622;G
$;M;R  ;BR.; Брест               ;              ;    ; 4109 ;    ;    ; 224 ; 2057 ;45       ;   ;      ;    ;22.02.15 ; Московская 208      ; БЦ "Брест Деловой", трубостойки               ; 52.096452; 23.742622;G
$;M;RVM;BR.; Брест               ;              ;227 ; 4130 ;    ;4   ; 227 ; 3935 ;1  4  7  ;   ;      ;    ;15.03.16 ; Советская 34        ; ТЦ "Didas Persia", внутри                     ; 52.094144; 23.692663;G
$;M;R  ;BR.; Брест               ;              ;223 ; 4247 ;1237;4568; 223 ; 3978 ;123456789;223; 3136 ;5689;04.02.15 ; Сябровская 88/1     ; котельная, мачта                              ; 52.065926; 23.723846;G
$;M;R  ;BR.; Брест               ;              ;    ; 4247 ;    ;    ; 223 ; 3986 ;1  4  7  ;   ;      ;    ;09.02.15 ; Сябровская 88/1     ; котельная, мачта                              ; 52.065926; 23.723846;G
$;M;R  ;BR.; Брест               ;              ;    ; 4247 ;    ;    ; 223 ; 4314 ;23 5     ;   ;      ;    ;09.02.15 ; Сябровская 88/1     ; котельная, мачта                              ; 52.065926; 23.723846;G
$;M;R  ;BR.; Брест               ;              ;    ; 4358 ;    ;    ; 223 ; 4343 ;123456789;   ;      ;    ;27.11.15 ; Гвардейская 6А      ; аптека, мачта                                 ; 52.056045; 23.738659;G
$;M;R  ;BR.; Брест               ;              ;    ; 4358 ;    ;    ; 223 ; 4371 ;1  4  7  ;   ;      ;    ;27.11.15 ; Гвардейская 6А      ; аптека, мачта                                 ; 52.056045; 23.738659;G
$;M;R  ;BR.; Брест               ;              ;    ; 4358 ;    ;    ; 223 ; 2074 ;  8      ;   ;      ;    ;27.11.15 ; Гвардейская 6А      ; аптека, мачта                                 ; 52.056045; 23.738659;G
$;M;R  ;BR.; Брест               ;              ;    ; 4423 ;    ;    ; 223 ; 4423 ;12 45 78 ;   ;      ;    ;29.12.17 ; Махновича 28А       ; опора освещения (С-З)                         ; 52.068962; 23.699297;G
$;M;R  ;BR.; Брест               ;              ;    ; 4423 ;    ;    ; 223 ; 4423 ;  3  6  9;   ;      ;    ;29.12.17 ; Махновича 28А       ; опора освещения (Ю-В)                         ; 52.068962; 23.699297;G
$;M;R  ;BR.; Брест               ;              ;    ; 4574 ;    ;    ; 224 ; 4574 ;12 45678 ;   ;      ;    ;12.11.17 ; Филатова            ; мкр-н Вычулки, контора тепличного комбината "Берестье", мачта; 52.103646; 23.821768;G
$;M;R  ;BR.; Брест               ;              ;    ; 4574 ;    ;    ; 224 ; 5006 ;1  4  7  ;   ;      ;    ;12.11.17 ; Филатова            ; мкр-н Вычулки, контора тепличного комбината "Берестье", мачта; 52.103646; 23.821768;G
$;M;R  ;BR.; Брест               ;              ;    ; 4574 ;    ;    ; 224 ; 4190 ;2        ;   ;      ;    ;12.11.17 ; Филатова            ; мкр-н Вычулки, контора тепличного комбината "Берестье", мачта; 52.103646; 23.821768;G
$;M;R  ;BR.; Брест               ; BREST        ;224 ; 4702 ;123 ;456 ; 224 ; 4908 ;123456789;224; 3202 ;356 ;04.12.15 ; Московская 267/3    ; общежитие, триподы                            ; 52.094461; 23.760083;G
$;M;R  ;BR.; Брест               ;              ;    ; 4702 ;    ;    ; 224 ; 4914 ;123456789;   ;      ;    ;22.12.15 ; Московская 267/3    ; общежитие, триподы                            ; 52.094461; 23.760083;G
$;M;R  ;BR.; Брест               ;              ;    ; 4702 ;    ;    ; 224 ; 1963 ;6789     ;   ;      ;    ;22.12.15 ; Московская 267/3    ; общежитие, триподы                            ; 52.094461; 23.760083;G
$;M;R  ;BR.; Брест               ;              ;    ; 4702 ;    ;    ; 224 ; 1972 ;    12   ;   ;      ;    ;22.12.15 ; Московская 267/3    ; общежитие, триподы                            ; 52.094461; 23.760083;G
$;M;R  ;BR.; Брест               ; BREST        ;224 ; 4703 ;123 ;456 ; 224 ; 4922 ;123456789;224; 3202 ;89  ;29.07.06 ; Московская 123      ; ЦМТ, триподы                                  ; 52.090317; 23.730567;G
$;M;R  ;BR.; Брест               ;              ;    ; 4703 ;    ;    ; 224 ; 2107 ;4 6      ;224; 3472 ;0   ;19.11.17 ; Московская 123      ; ЦМТ, триподы                                  ; 52.090317; 23.730567;G
$;M;R  ;BR.; Брест               ; BREST        ;224 ; 4704 ;123 ;456 ; 224 ; 4941 ;12345 789;224; 3472 ;235 ;22.12.06 ; Калинина 65        ; РУП "Брестская обл.контора пчеловодства", мачта; 52.100618; 23.717275;G
$;M;R  ;BR.; Брест               ;              ;    ; 4704 ;    ;    ; 224 ; 4948 ;1     7  ;   ;      ;    ;31.08.16 ; Калинина 65        ; РУП "Брестская обл.контора пчеловодства", мачта; 52.100618; 23.717275;G
$;M;R  ;BR.; Брест               ; BREST        ;220 ; 4705 ;123 ;456 ; 220 ; 4951 ;123456789;220; 3472 ;678 ;22.12.06 ; Скрипникова 3       ; база N1 ТПРДУП "Желдорсервис", мачта          ; 52.104197; 23.695711;G
$;M;R  ;BR.; Брест               ;              ;    ; 4705 ;    ;    ; 220 ; 2107 ;789      ;   ;      ;    ;22.12.06 ; Скрипникова 3       ; база N1 ТПРДУП "Желдорсервис", мачта          ; 52.104197; 23.695711;G
$;M;R  ;BR.; Брест               ; BREST        ;224 ; 4706 ;123 ;456 ; 224 ; 4955 ;123456789;224; 3472 ;9   ;22.12.06 ; Янки Купалы 98      ; УП "Брестская СПМК-132", мачта                ; 52.110647; 23.751820;G
$;M;R  ;BR.; Брест               ;              ;    ; 4706 ;    ;    ; 224 ; 1052 ;12 45 7  ;224; 3475 ;02  ;05.03.17 ; Янки Купалы 98      ; УП "Брестская СПМК-132", мачта                ; 52.110647; 23.751820;G
$;M;R  ;BR.; Брест               ;              ;    ; 4706 ;    ;    ; 224 ; 1054 ;       8 ;   ;      ;    ;05.03.17 ; Янки Купалы 98      ; УП "Брестская СПМК-132", мачта                ; 52.110647; 23.751820;G
$;M;R  ;BR.; Брест               ;              ;    ; 4706 ;    ;    ; 224 ; 2172 ;89       ;   ;      ;    ;05.03.17 ; Янки Купалы 98      ; УП "Брестская СПМК-132", мачта                ; 52.110647; 23.751820;G
$;M;R  ;BR.; Брест               ;              ;    ; 4706 ;    ;    ; 224 ; 2174 ;  1 3    ;   ;      ;    ;05.03.17 ; Янки Купалы 98      ; УП "Брестская СПМК-132", мачта                ; 52.110647; 23.751820;G
$;M;R  ;BR.; Брест               ; BREST        ;220 ; 4707 ;123 ;456 ; 220 ; 4974 ;123456789;220; 3475 ;56  ;27.04.07 ; Пригородная 27      ; Брестский гос.проф.лицей строителей, мачта    ; 52.098414; 23.652858;G
$;M;R  ;BR.; Брест               ;              ;    ; 4707 ;    ;    ; 220 ; 4991 ;1 34567  ;   ;      ;    ;01.05.17 ; Пригородная 27      ; Брестский гос.проф.лицей строителей, мачта    ; 52.098414; 23.652858;G
$;M;R  ;BR.; Брест               ; BREST        ;223 ; 4708 ;123 ;456 ; 223 ; 4998 ;12 4 6  9;223; 3475 ;78  ;20.04.07 ; Кобринская 53       ; водонапорная башня ГЛХУ "Брестский лесхоз"    ; 52.069684; 23.772217;G
$;M;R  ;BR.; Брест               ;              ;    ; 4708 ;    ;    ; 223 ; 2109 ; 23      ;   ;      ;    ;20.04.07 ; Кобринская 53       ; водонапорная башня ГЛХУ "Брестский лесхоз"    ; 52.069684; 23.772217;G
$;M;R  ;BR.; Брест               ; BREST        ;223 ; 4709 ;123 ;456 ; 223 ; 5041 ;123456789;223; 3487 ;023 ;12.10.06 ; 28 июля 20          ; ЧУП "Промбрис", мачта                         ; 52.075972; 23.736436;G
$;M;R  ;BR.; Брест               ;              ;    ; 4709 ;    ;    ; 223 ; 5834 ;1  4  7  ;   ;      ;    ;21.11.17 ; 28 июля 20          ; ЧУП "Промбрис", мачта                         ; 52.075972; 23.736436;G
$;M;R  ;BR.; Брест               ;              ;    ; 4709 ;    ;    ; 223 ; 2136 ;23 5     ;   ;      ;    ;21.11.17 ; 28 июля 20          ; ЧУП "Промбрис", мачта                         ; 52.075972; 23.736436;G
$;M;R  ;BR.; Брест               ; BREST        ;224 ; 4711 ;123 ;456 ; 224 ; 5101 ;123456789;224; 3487 ;67  ;22.12.06 ; Орловская 41/1      ; ТП-477, мачта                                 ; 52.104405; 23.779283;G
$;M;R  ;BR.; Брест               ;              ;    ; 4711 ;    ;    ; 224 ; 2140 ; 67      ;   ;      ;    ;22.12.06 ; Орловская 41/1      ; ТП-477, мачта                                 ; 52.104405; 23.779283;G
$;M;R  ;BR.; Брест               ; BREST        ;227 ; 4712 ;123 ;456 ; 227 ; 5102 ;123456789;227; 3487 ;89  ;12.04.07 ; Пушкинская 65       ; ж/д колледж, мачта                            ; 52.099533; 23.701581;G
$;M;R  ;BR.; Брест               ;              ;    ; 4712 ;    ;    ; 227 ; 2109 ;45       ;227; 3884 ;  0 ;12.04.07 ; Пушкинская 65       ; ж/д колледж, мачта                            ; 52.099533; 23.701581;G
$;M;R  ;BR.; Брест               ; BREST        ;224 ; 4713 ;123 ;456 ; 224 ; 5103 ;123456789;224; 3884 ;235 ;22.12.06 ; Гаврилова 39        ; ЦТП-3-17, мачта                               ; 52.111022; 23.774579;G
$;M;R  ;BR.; Брест               ;              ;    ; 4713 ;    ;    ; 224 ; 1817 ;45       ;   ;      ;    ;22.12.06 ; Гаврилова 39        ; ЦТП-3-17, мачта                               ; 52.111022; 23.774579;G
$;M;R  ;BR.; Брест               ; BREST        ;227 ; 4715 ;123 ;456 ; 227 ; 5104 ;123456789;227; 3884 ;689 ;12.04.07 ; Дзержинского 25     ; СДЮШОР-3, трипод                              ; 52.088297; 23.693825;G
$;M;R  ;BR.; Брест               ;              ;    ; 4715 ;    ;    ; 227 ; 1817 ;7 9      ;   ;      ;    ;12.04.07 ; Дзержинского 25     ; СДЮШОР-3, трипод                              ; 52.088297; 23.693825;G
$;M;R  ;BR.; Брест               ; BREST        ;220 ; 4716 ;123 ;456 ; 220 ; 5105 ;123456789;220; 3905 ;023 ;22.12.06 ; Лейтенанта Рябцева 110/2; СООО "Осттаможсервис", мачта              ; 52.144092; 23.681822;G
$;M;R  ;BR.; Брест               ;              ;    ; 4716 ;    ;    ; 220 ; 1269 ;1  4  7  ;   ;      ;    ;22.12.06 ; Лейтенанта Рябцева 110/2; СООО "Осттаможсервис", мачта              ; 52.144092; 23.681822;G
$;M;R  ;BR.; Брест               ;              ;    ; 4716 ;    ;    ; 220 ; 2195 ;9        ;   ;      ;    ;22.12.06 ; Лейтенанта Рябцева 110/2; СООО "Осттаможсервис", мачта              ; 52.144092; 23.681822;G
$;M;R  ;BR.; Брест               ;              ;    ; 4716 ;    ;    ; 220 ; 2196 ; 1 3     ;   ;      ;    ;22.12.06 ; Лейтенанта Рябцева 110/2; СООО "Осттаможсервис", мачта              ; 52.144092; 23.681822;G
$;M;R  ;BR.; Брест               ; BREST        ;224 ; 4719 ; 23 ;456 ; 224 ; 5108 ;123456789;224; 3905 ;568 ;22.12.06 ; Янки Купалы 110     ; База ОПС, мачта                               ; 52.114185; 23.769930;G
$;M;R  ;BR.; Брест               ;              ;    ; 4719 ;    ;    ; 224 ; 1056 ;12 45 7  ;   ;      ;    ;22.12.06 ; Янки Купалы 110     ; База ОПС, мачта                               ; 52.114185; 23.769930;G
$;M;R  ;BR.; Брест               ;              ;    ; 4719 ;    ;    ; 224 ; 1058 ;       8 ;   ;      ;    ;22.12.06 ; Янки Купалы 110     ; База ОПС, мачта                               ; 52.114185; 23.769930;G
$;M;R  ;BR.; Брест               ;              ;    ; 4719 ;    ;    ; 224 ; 2174 ; 5678    ;   ;      ;    ;22.12.06 ; Янки Купалы 110     ; База ОПС, мачта                               ; 52.114185; 23.769930;G
$;M;R  ;BR.; Брест               ; BREST        ;224 ; 4727 ;123 ;456 ; 224 ; 5125 ;12345678 ;224; 3907 ;9   ;22.02.07 ; Московская 332/3    ; столб                                         ; 52.100968; 23.761143;G
$;M;R  ;BR.; Брест               ;              ;    ; 4727 ;    ;    ; 224 ; 2140 ; 9       ;224; 3908 ;02  ;22.02.07 ; Московская 332/3    ; столб                                         ; 52.100968; 23.761143;G
$;M;R  ;BR.; Брест               ; BREST        ;227 ; 4728 ;1 3 ;456 ; 227 ; 5126 ;123456789;227; 3908 ;356 ;08.05.08 ; Брестская крепость  ; Госпитальный остров, опорная мачта            ; 52.081781; 23.661229;G
$;M;R  ;BR.; Брест               ;              ;    ; 4728 ;    ;    ; 227 ; 5128 ;123456789;   ;      ;    ;07.07.17 ; Брестская крепость  ; Госпитальный остров, опорная мачта, 2 квадрата; 52.081781; 23.661229;G
$;M;R  ;BR.; Брест               ;              ;    ; 4728 ;    ;    ; 227 ; 4614 ;123456789;   ;      ;    ;05.07.17 ; Брестская крепость  ; Госпитальный остров, опорная мачта, 2 квадрата; 52.081781; 23.661229;G
$;M;R  ;BR.; Брест               ;              ;    ; 4728 ;    ;    ; 227 ; 5535 ;123456789;   ;      ;    ;07.07.17 ; Брестская крепость  ; Госпитальный остров, опорная мачта, 2 квадрата; 52.081781; 23.661229;G
$;M;R  ;BR.; Брест               ;              ;    ; 4728 ;    ;    ; 227 ; 4626 ;1  4  7  ;   ;      ;    ;15.07.17 ; Брестская крепость  ; Госпитальный остров, опорная мачта, 2 квадрата; 52.081781; 23.661229;G
$;M;R  ;BR.; Брест               ;              ;    ; 4728 ;    ;    ; 227 ; 4321 ;12345 789;   ;      ;    ;07.07.17 ; Брестская крепость  ; Госпитальный остров, опорная мачта, 2 квадрата; 52.081781; 23.661229;G
$;M;R  ;BR.; Брест               ;              ;    ; 4728 ;    ;    ; 227 ; 4323 ;1234     ;   ;      ;    ;07.07.17 ; Брестская крепость  ; Госпитальный остров, опорная мачта, 2 квадрата; 52.081781; 23.661229;G
$;M;R  ;BR.; Брест               ; BREST        ;223 ; 4729 ;123 ;456 ; 223 ; 5132 ;123456789;223; 3908 ;89  ;28.04.07 ; Ковельская 73       ; напротив трактира "На Ковельской", столб      ; 52.064412; 23.687632;G
$;M;R  ;BR.; Брест               ;              ;    ; 4729 ;    ;    ; 223 ; 5140 ;1  4  7  ;223; 4015 ;0   ;30.04.15 ; Ковельская 73       ; напротив трактира "На Ковельской", столб      ; 52.064412; 23.687632;G
$;M;R  ;BR.; Брест               ;              ;    ; 4729 ;    ;    ; 223 ; 4323 ;5        ;   ;      ;    ;30.04.15 ; Ковельская 73       ; напротив трактира "На Ковельской", столб      ; 52.064412; 23.687632;G
$;M;R  ;BR.; Брест               ; BREST        ;220 ; 4760 ;123 ;456 ; 220 ; 5182 ;12 45 789;220; 4053 ;07  ;23.02.07 ; Красногвардейская 120; магазин N17 ТПРДУП "Желдорсервис", мачта     ; 52.129485; 23.694976;G
$;M;R  ;BR.; Брест               ;              ;    ; 4760 ;    ;    ; 220 ; 4333 ;   4     ;   ;      ;    ;08.01.24 ; Красногвардейская 120; магазин N17 ТПРДУП "Желдорсервис", мачта     ; 52.129485; 23.694976;G
$;M;R  ;BR.; Брест               ; BREST        ;220 ; 4776 ;123 ;456 ; 220 ; 5184 ;12345  89;220; 4055 ;7   ;21.10.06 ; Солнечная 86        ; ПМК N5, мачта                                 ; 52.112178; 23.644800;G
$;M;R  ;BR.; Брест               ;              ;    ; 4776 ;    ;    ; 220 ; 5193 ;1        ;   ;      ;    ;26.12.15 ; Солнечная 86        ; ПМК N5, мачта                                 ; 52.112178; 23.644800;G
$;M;R  ;BR.; Брест               ;              ;    ; 4917 ;    ;    ; 220 ; 5250 ;123456789;   ;      ;    ;05.10.15 ; Красногвардейская 150/1; мачта                                      ; 52.135474; 23.685401;G
$;M;R  ;BR.; Брест               ;              ;    ; 5019 ;    ;    ; 224 ; 5277 ;123456789;   ;      ;    ;22.04.16 ; Вычулки 109         ; мкр-н Вычулки, мачта                          ; 52.096064; 23.808853;G
$;M;R  ;BR.; Брест               ;              ;    ; 5020 ;    ;    ; 227 ; 5285 ;123456789;   ;      ;    ;29.08.15 ; Коммунистическая 28 ; УВД Брестского облисполкома, мачта            ; 52.087204; 23.685266;G
$;M;R  ;BR.; Брест               ;              ;    ; 5020 ;    ;    ; 227 ; 4380 ; 34      ;   ;      ;    ;29.08.15 ; Коммунистическая 28 ; УВД Брестского облисполкома, мачта            ; 52.087204; 23.685266;G
$;M;R  ;BR.; Брест               ;              ;    ; 5021 ;    ;    ; 220 ; 5286 ;123456789;   ;      ;    ;04.09.15 ; Шоссейная 2         ; мачта                                         ; 52.112257; 23.705393;G
$;M;R  ;BR.; Брест               ;              ;    ; 5021 ;    ;    ; 220 ; 2082 ; 67      ;   ;      ;    ;04.09.15 ; Шоссейная 2         ; мачта                                         ; 52.112257; 23.705393;G
$;M;R  ;BR.; Брест               ;              ;    ; 5052 ;    ;    ; 223 ; 5304 ;123456789;   ;      ;    ;10.10.15 ; Краснознаменная     ; светодиодный экран                            ; 52.076366; 23.720118;G
$;M;R  ;BR.; Брест               ;              ;    ; 5052 ;    ;    ; 223 ; 1817 ;1 3      ;   ;      ;    ;10.10.15 ; Краснознаменная     ; светодиодный экран                            ; 52.076366; 23.720118;G
$;M;R  ;BR.; Брест               ;              ;    ; 5053 ;    ;    ; 224 ; 5315 ;123456789;   ;      ;    ;10.10.15 ; Высокая 22/1        ; общежитие, трипод                             ; 52.098093; 23.723240;G
$;M;R  ;BR.; Брест               ;              ;    ; 5053 ;    ;    ; 224 ; 1278 ;1  4  7  ;   ;      ;    ;10.10.15 ; Высокая 22/1        ; общежитие, трипод                             ; 52.098093; 23.723240;G
$;M;R  ;BR.; Брест               ; BREST        ;223 ; 5109 ;123 ;456 ; 223 ; 5337 ;123456789;223; 4057 ;789 ;28.11.11 ; мкр-н Вулька        ; вещевой рынок "Варшавский", мачта             ; 52.076535; 23.728349;G
$;M;R  ;BR.; Брест               ;              ;    ; 5109 ;    ;    ; 223 ; 5338 ;1  4  7  ;   ;      ;    ;09.02.15 ; мкр-н Вулька        ; вещевой рынок "Варшавский", мачта             ; 52.076535; 23.728349;G
$;M;R  ;BR.; Брест               ;              ;    ; 5109 ;    ;    ; 223 ; 4382 ;5 78     ;   ;      ;    ;09.02.15 ; мкр-н Вулька        ; вещевой рынок "Варшавский", мачта             ; 52.076535; 23.728349;G
$;M;R  ;BR.; Брест               ; KOZLOVICHI   ; 86 ; 5110 ;123 ;456 ; 220 ; 5339 ;1234567  ;220; 4089 ;0   ;25.10.15 ; Козловичи           ; погранпереход, опорная мачта                  ; 52.130394; 23.590773;G
$;M;R  ;BR.; Брест               ;              ;    ; 5111 ;    ;    ; 220 ; 5341 ;123456789;   ;      ;    ;12.11.15 ; Фортечная 79        ; магазин, мачта                                ; 52.115162; 23.691793;G
$;M;R  ;BR.; Брест               ;              ;    ; 5111 ;    ;    ; 220 ; 2111 ;  3      ;   ;      ;    ;08.01.24 ; Фортечная 79        ; магазин, мачта                                ; 52.115162; 23.691793;G
$;M;R  ;BR.; Брест               ; BREST        ;224 ; 5112 ;123 ;456 ; 224 ; 5344 ;12 456789;224; 4089 ;9   ;26.08.10 ; Вишневая 28А        ; ЦТП, мачта                                    ; 52.095540; 23.717564;G
$;M;R  ;BR.; Брест               ;              ;    ; 5112 ;    ;    ; 224 ; 5346 ;12  5 78 ;224; 4111 ;02  ;21.08.16 ; Вишневая 28А        ; ЦТП, мачта                                    ; 52.095540; 23.717564;G
$;M;R  ;BR.; Брест               ;              ;    ; 5112 ;    ;    ; 224 ; 2165 ; 6       ;   ;      ;    ;21.08.16 ; Вишневая 28А        ; ЦТП, мачта                                    ; 52.095540; 23.717564;G
$;M;R  ;BR.; Брест               ; BREST        ;224 ; 5116 ;123 ;456 ; 224 ; 5347 ;123456789;224; 4111 ;35  ;21.02.09 ; Московская 323/1    ; мкр-н Восток-6, насосная станция ПНС N4, мачта; 52.101890; 23.785765;G
$;M;R  ;BR.; Брест               ;              ;    ; 5116 ;    ;    ; 224 ; 1280 ;1     7  ;   ;      ;    ;21.02.09 ; Московская 323/1    ; мкр-н Восток-6, насосная станция ПНС N4, мачта; 52.101890; 23.785765;G
$;M;R  ;BR.; Брест               ;              ;    ; 5116 ;    ;    ; 224 ; 2196 ;4        ;   ;      ;    ;21.02.09 ; Московская 323/1    ; мкр-н Восток-6, насосная станция ПНС N4, мачта; 52.101890; 23.785765;G
$;M;R  ;BR.; Брест               ; BREST        ;224 ; 5117 ;123 ;456 ; 224 ; 5352 ;123456789;224; 4111 ;89  ;28.12.08 ; Гоздецкого 20       ; филиал СУ-116, мачта                          ; 52.120379; 23.782739;G
$;M;R  ;BR.; Брест               ;              ;    ; 5117 ;    ;    ; 224 ; 5357 ;12 45 78 ;224; 4132 ;0   ;03.09.15 ; Гоздецкого 20       ; филиал СУ-116, мачта                          ; 52.120379; 23.782739;G
$;M;R  ;BR.; Брест               ;              ;    ; 5117 ;    ;    ; 224 ; 2180 ;1 345    ;   ;      ;    ;03.09.15 ; Гоздецкого 20       ; филиал СУ-116, мачта                          ; 52.120379; 23.782739;G
$;M;R  ;BR.; Брест               ; BREST        ;224 ; 5118 ;1 3 ;456 ; 224 ; 5358 ;1 34 67 9;224; 4172 ;0 8 ;28.12.08 ; Янки Купалы 5   ; РУП "Брестская фабрика сувениров "Славянка", мачта; 52.103195; 23.739622;G
$;M;R  ;BR.; Брест               ;              ;    ; 5129 ;    ;    ; 223 ; 5363 ;123456789;   ;      ;    ;30.07.13 ; Рябиновая 34/1      ; совм.башня 40м                                ; 52.070333; 23.733784;G
$;M;R  ;BR.; Брест               ;              ;    ; 5130 ;    ;    ; 227 ; 5364 ;123456789;   ;      ;    ;12.03.13 ; Горького 31         ; объединение "БрестОблСельСтрой", мачта        ; 52.099839; 23.697672;G
$;M;R  ;BR.; Брест               ;              ;    ; 5130 ;    ;    ; 227 ; 2112 ;  7      ;   ;      ;    ;12.03.13 ; Горького 31         ; объединение "БрестОблСельСтрой", мачта        ; 52.099839; 23.697672;G
$;M;R  ;BR.; Брест               ; BREST        ; 86 ; 5135 ;123 ;456 ; 220 ; 5366 ;   45 7  ;220; 4202 ;078 ;04.03.09 ; Дубровская 8/1      ; ЦТП-5-5, мачта                                ; 52.125658; 23.653386;G
$;M;R  ;BR.; Брест               ; BREST        ;223 ; 5151 ;123 ;456 ; 223 ; 5385 ;123456789;223; 4203 ;789 ;24.05.13 ; Сальникова 10А      ; совм.башня 40м                                ; 52.073380; 23.713860;G
$;M;R  ;BR.; Брест               ;              ;    ; 5151 ;    ;    ; 223 ; 5403 ;12 45 78 ;   ;      ;    ;01.11.15 ; Сальникова 10А      ; совм.башня 40м                                ; 52.073380; 23.713860;G
$;M;R  ;BR.; Брест               ;              ;    ; 5151 ;    ;    ; 223 ; 2142 ;56789    ;   ;      ;    ;01.11.15 ; Сальникова 10А      ; совм.башня 40м                                ; 52.073380; 23.713860;G
$;M;R  ;BR.; Брест               ; BREST        ;223 ; 5155 ;123 ;456 ; 223 ; 5406 ;123456789;223; 2566 ;789 ;30.07.11 ; Ковельское шоссе 90 ; г/к "Южный", башня 40м                        ; 52.054132; 23.741399;G
$;M;R  ;BR.; Брест               ;              ;    ; 5155 ;    ;    ; 223 ; 5409 ;12 45 78 ;   ;      ;    ;11.04.15 ; Ковельское шоссе 90 ; г/к "Южный", башня 40м                        ; 52.054132; 23.741399;G
$;M;R  ;BR.; Брест               ;              ;    ; 5155 ;    ;    ; 223 ; 2165 ;    4    ;   ;      ;    ;11.04.15 ; Ковельское шоссе 90 ; г/к "Южный", башня 40м                        ; 52.054132; 23.741399;G
$;M;R  ;BR.; Брест               ; BREST        ;224 ; 5162 ;123 ;456 ; 224 ; 5410 ;123 56789;224; 2570 ;012 ;23.12.11 ; Мощенка             ; башня A1 70м                                  ; 52.146394; 23.728776;G
$;M;R  ;BR.; Брест               ;              ;    ; 5164 ;    ;    ; 224 ; 5415 ;123  6789;   ;      ;    ;04.09.15 ; 10я Вересковая      ; столб life:)                                  ; 52.138262; 23.713398;G
$;M;R  ;BR.; Брест               ;              ;    ; 5164 ;    ;    ; 224 ; 5418 ;1     7  ;   ;      ;    ;24.01.16 ; 10я Вересковая      ; столб life:)                                  ; 52.138262; 23.713398;G
$;M;R  ;BR.; Брест               ; BREST        ;223 ; 5172 ;123 ;456 ; 223 ; 5426 ;123456789;223; 2570 ;345 ;04.01.12 ; Республики пр.      ; башня 40м                                     ; 52.084596; 23.773443;G
$;M;R  ;BR.; Брест               ;              ;    ; 5172 ;    ;    ; 223 ; 2115 ; 3       ;   ;      ;    ;04.01.12 ; Республики пр.      ; башня 40м                                     ; 52.084596; 23.773443;G
$;M;R  ;BR.; Брест               ;              ;    ; 5175 ;    ;    ; 224 ; 5431 ;123456789;   ;      ;    ;09.06.15 ; Плоска 17           ; психиатр.стационар, столб                     ; 52.129140; 23.718337;G
$;M;R  ;BR.; Брест               ; BREST        ;223 ; 5191 ;12  ;456 ; 223 ; 5478 ;123456789;223; 2570 ;678 ;31.12.11 ; Варшавское шоссе    ; башня 40м                                     ; 52.075649; 23.708207;G
$;M;R  ;BR.; Брест               ;              ;    ; 5191 ;    ;    ; 223 ; 5484 ;12 45 78 ;   ;      ;    ;11.02.15 ; Варшавское шоссе    ; башня 40м                                     ; 52.075649; 23.708207;G
$;M;R  ;BR.; Брест               ;              ;    ; 5191 ;    ;    ; 223 ; 2061 ;8        ;   ;      ;    ;11.02.15 ; Варшавское шоссе    ; башня 40м                                     ; 52.075649; 23.708207;G
$;M;R  ;BR.; Брест               ;              ;    ; 5191 ;    ;    ; 223 ; 2073 ;   23    ;   ;      ;    ;11.02.15 ; Варшавское шоссе    ; башня 40м                                     ; 52.075649; 23.708207;G
$;M;R  ;BR.; Брест               ;              ;    ; 5434 ;    ;    ; 227 ; 5715 ;123456789;   ;      ;    ;13.02.16 ; Гоголя 5            ; гаражи, мачта                                 ; 52.088982; 23.679173;G
$;M;R  ;BR.; Брест               ;              ;    ; 5434 ;    ;    ; 227 ; 2085 ;234      ;   ;      ;    ;13.02.16 ; Гоголя 5            ; гаражи, мачта                                 ; 52.088982; 23.679173;G
$;M;R  ;BR.; Брест               ;              ;    ; 5481 ;    ;    ; 224 ; 5756 ;123456789;   ;      ;    ;20.11.15 ; Парковая            ; мкр-н Задворцы, мачта                         ; 52.123707; 23.756657;G
$;M;R  ;BR.; Брест               ;              ;    ; 5481 ;    ;    ; 224 ; 2075 ;7        ;   ;      ;    ;20.11.15 ; Парковая            ; мкр-н Задворцы, мачта                         ; 52.123707; 23.756657;G
$;M;R  ;BR.; Брест               ;              ;    ; 5499 ;    ;    ; 223 ; 5763 ;123456789;   ;      ;    ;28.01.16 ; Вульковская 120А    ; аптека, мачта A1                              ; 52.071371; 23.724960;G
$;M;R  ;BR.; Брест               ; BREST        ;220 ; 5678 ;1 3 ;456 ; 220 ; 5981 ;123456789;220; 2570 ;9   ;07.11.08 ; ПКиО 1 мая          ; диско-бар, минибашня на крыше                 ; 52.096170; 23.679661;G
$;M;R  ;BR.; Брест               ;              ;    ; 5678 ;    ;    ; 220 ; 5983 ;12 45 78 ;220; 4011 ;01  ;11.04.17 ; ПКиО 1 мая          ; диско-бар, минибашня на крыше                 ; 52.096170; 23.679661;G
$;M;R  ;BR.; Брест               ;              ;    ; 5678 ;    ;    ; 220 ; 2135 ;9        ;   ;      ;    ;11.04.17 ; ПКиО 1 мая          ; диско-бар, минибашня на крыше                 ; 52.096170; 23.679661;G
$;M;R  ;BR.; Брест               ;              ;    ; 5678 ;    ;    ; 220 ; 2136 ; 1       ;   ;      ;    ;11.04.17 ; ПКиО 1 мая          ; диско-бар, минибашня на крыше                 ; 52.096170; 23.679661;G
$;M;R  ;BR.; Брест               ; BREST        ;223 ; 5681 ;12  ;456 ; 223 ; 6136 ;123456789;223; 4011 ;23  ;12.06.09 ; Суворова 103А       ; столб                                         ; 52.069431; 23.759209;G
$;M;R  ;BR.; Брест               ;              ;    ; 5681 ;    ;    ; 223 ; 4421 ;89       ;   ;      ;    ;12.06.09 ; Суворова 103А       ; столб                                         ; 52.069431; 23.759209;G
$;M;R  ;BR.; Брест               ;              ;    ; 5681 ;    ;    ; 223 ; 4422 ;  1      ;   ;      ;    ;12.06.09 ; Суворова 103А       ; столб                                         ; 52.069431; 23.759209;G
$;M;R  ;BR.; Брест               ; BREST        ;227 ; 5690 ;1   ;456 ; 227 ; 6137 ;123456789;227; 4011 ;567 ;30.08.08 ; Карбышева 41      ; Брестский областной агропромышленный союз, мачта; 52.095273; 23.695573;G
$;M;R  ;BR.; Брест               ;              ;    ; 5690 ;    ;    ; 227 ;  483 ;1234     ;   ;      ;    ;30.08.08 ; Карбышева 41      ; Брестский областной агропромышленный союз, мачта (PSC=011); 52.095273; 23.695573;G
$;M;R  ;BR.; Брест               ;              ;    ; 5690 ;    ;    ; 227 ; 2115 ;56       ;   ;      ;    ;30.08.08 ; Карбышева 41      ; Брестский областной агропромышленный союз, мачта; 52.095273; 23.695573;G
$;M;R  ;BR.; Брест               ; BREST        ;224 ; 5700 ;123 ;456 ; 224 ; 6138 ;123456789;224; 4011 ;9   ;16.12.08 ; Орловская 50        ; магазин "Брусничка", мачта                    ; 52.109356; 23.781055;G
$;M;R  ;BR.; Брест               ;              ;    ; 5700 ;    ;    ; 224 ; 4425 ;  5      ;224; 4014 ;0   ;11.11.17 ; Орловская 50        ; магазин "Брусничка", мачта                    ; 52.109356; 23.781055;G
$;M;R  ;BR.; Брест               ; BREST        ;227 ; 5702 ;12  ;456 ; 227 ; 6139 ;123456789;227; 4014 ;123 ;18.07.07 ; Карла Маркса 37     ; здание быв. кинотеатра "Смена", трубостойки   ; 52.091464; 23.688823;G
$;M;R  ;BR.; Брест               ;              ;    ; 5702 ;    ;    ; 227 ; 6140 ;123456789;   ;      ;    ;14.04.17 ; Карла Маркса 37     ; здание быв. кинотеатра "Смена", трубостойки   ; 52.091464; 23.688823;G
$;M;R  ;BR.; Брест               ;              ;    ; 5702 ;    ;    ; 227 ; 2131 ;12  56   ;   ;      ;    ;14.04.17 ; Карла Маркса 37     ; здание быв. кинотеатра "Смена", трубостойки   ; 52.091464; 23.688823;G
$;M;R  ;BR.; Брест               ; BREST        ;223 ; 5703 ;123 ;456 ; 223 ; 6141 ;123456789;223; 4014 ;456 ;23.05.07 ; Окт.Революции 2     ; здание гребного канала, трубостойки           ; 52.082237; 23.741510;G
$;M;R  ;BR.; Брест               ;              ;    ; 5703 ;    ;    ; 223 ; 1107 ;123456789;   ;      ;    ;23.05.07 ; Окт.Революции 2     ; здание гребного канала, трубостойки           ; 52.082237; 23.741510;G
$;M;R  ;BR.; Брест               ;              ;    ; 5703 ;    ;    ; 223 ; 1197 ;  3      ;   ;      ;    ;23.05.07 ; Окт.Революции 2     ; здание гребного канала, трубостойки           ; 52.082237; 23.741510;G
$;M;R  ;BR.; Брест               ;              ;    ; 5703 ;    ;    ; 223 ; 2206 ;4 67 9   ;   ;      ;    ;23.05.07 ; Окт.Революции 2     ; здание гребного канала, трубостойки           ; 52.082237; 23.741510;G
$;M;R  ;BR.; Брест               ; BREST        ;223 ; 5705 ;123 ;456 ; 223 ; 6142 ;123456789;223; 4014 ;789 ;17.01.08 ; мкр-н Южный         ; территория ЦТП N1 БКХ, опорная мачта          ; 52.061736; 23.728475;G
$;M;R  ;BR.; Брест               ;              ;    ; 5705 ;    ;    ; 223 ; 2059 ;45       ;   ;      ;    ;17.01.08 ; мкр-н Южный         ; территория ЦТП N1 БКХ, опорная мачта          ; 52.061736; 23.728475;G
$;M;R  ;BR.; Брест               ; BREST        ;227 ; 5706 ; 23 ;456 ; 227 ; 6143 ;123456789;227; 4032 ;012 ;24.10.07 ; Машерова пр. 17     ; ЦУМ, трубостойки                              ; 52.085545; 23.694734;G
$;M;R  ;BR.; Брест               ;              ;    ; 5706 ;    ;    ; 227 ; 2115 ;89       ;   ;      ;    ;24.10.07 ; Машерова пр. 17     ; ЦУМ, трубостойки                              ; 52.085545; 23.694734;G
$;M;R  ;BR.; Брест               ;              ;    ; 5706 ;    ;    ; 227 ; 2117 ;  1      ;   ;      ;    ;24.10.07 ; Машерова пр. 17     ; ЦУМ, трубостойки                              ; 52.085545; 23.694734;G
$;M;R  ;BR.; Брест               ; BREST        ;227 ; 5707 ;1 3 ;456 ; 227 ; 6144 ;123456789;227; 4032 ;345 ;28.01.08 ; Воровского 10       ; бассейн "Нептун", мачта                       ; 52.087905; 23.683201;G
$;M;R  ;BR.; Брест               ;              ;    ; 5707 ;    ;    ; 227 ; 4425 ;67       ;   ;      ;    ;28.01.08 ; Воровского 10       ; бассейн "Нептун", мачта                       ; 52.087905; 23.683201;G
$;M;R  ;BR.; Брест               ; BREST      	;223 ; 5708 ;123 ;456 ; 223 ; 6145 ;123456789;223; 4032 ;78  ;31.12.07 ; мкр-н Ковалево      ; рынок стройматериалов, мачта                  ; 52.064274; 23.760623;G
$;M;R  ;BR.; Брест               ;            	;    ; 5708 ;    ;    ; 223 ; 6146 ;1  4  7  ;   ;      ;    ;31.05.16 ; мкр-н Ковалево      ; рынок стройматериалов, мачта                  ; 52.064274; 23.760623;G
$;M;R  ;BR.; Брест               ;            	;    ; 5708 ;    ;    ; 223 ; 2083 ;3456     ;   ;      ;    ;31.05.16 ; мкр-н Ковалево      ; рынок стройматериалов, мачта                  ; 52.064274; 23.760623;G
$;M;R  ;BR.; Брест               ; BREST        ;224 ; 5709 ;123 ;456 ; 224 ; 6147 ;123456789;224; 4032 ;9   ;20.02.08 ; Московская 336/5    ; столб                                         ; 52.104791; 23.763971;G
$;M;R  ;BR.; Брест               ;              ;    ; 5709 ;    ;    ; 224 ; 6148 ;1  4  7  ;224; 4033 ;01  ;25.03.16 ; Московская 336/5    ; столб                                         ; 52.104791; 23.763971;G
$;M;R  ;BR.; Брест               ;              ;    ; 5709 ;    ;    ; 224 ; 1687 ;2345     ;   ;      ;    ;25.03.16 ; Московская 336/5    ; столб                                         ; 52.104791; 23.763971;G
$;M;R  ;BR.; Брест               ; BREST        ;224 ; 5710 ;12  ;45  ; 224 ; 6149 ;12 45 78 ;224; 4033 ;23  ;16.07.08 ; Московская 202      ; ТЦ "Европа", трипод                           ; 52.095234; 23.736103;G
$;M;R  ;BR.; Брест               ; BREST        ;224 ; 5711 ; 23 ;456 ; 224 ; 6150 ;123456789;224; 4033 ;4 6 ;16.07.08 ; Сов.Конституции 21  ; магазин птицефабрики "Медно", мачта           ; 52.106437; 23.753537;G
$;M;R  ;BR.; Брест               ;              ;    ; 5711 ;    ;    ; 224 ; 2117 ;45       ;   ;      ;    ;16.07.08 ; Сов.Конституции 21  ; магазин птицефабрики "Медно", мачта           ; 52.106437; 23.753537;G
$;M;R  ;BR.; Брест               ; BREST        ;224 ; 5712 ;123 ;456 ; 224 ; 6151 ;123456789;224; 4033 ;789 ;15.06.08 ; Старозадворская 4   ; рынок "Задворцы", триподы                     ; 52.122579; 23.771490;G
$;M;R  ;BR.; Брест               ;              ;    ; 5712 ;    ;    ; 224 ; 4427 ; 1       ;   ;      ;    ;15.06.08 ; Старозадворская 4   ; рынок "Задворцы", триподы                     ; 52.122579; 23.771490;G
$;M;R  ;BR.; Брест               ; BREST        ;224 ; 5713 ;123 ;456 ; 224 ; 6152 ;  3  6  9;224; 4034 ;0 2 ;20.02.08 ; Новосельская 21     ; столб                                         ; 52.118957; 23.718162;G
$;M;R  ;BR.; Брест               ; BREST        ;227 ; 5714 ;123 ;456 ; 227 ; 6153 ;123456789;227; 4034 ;345 ;18.06.08 ; Набережная 34       ; столб                                         ; 52.085314; 23.713402;G
$;M;R  ;BR.; Брест               ; BREST        ;227 ; 5722 ;1 3 ;456 ; 227 ; 6156 ;123456789;227; 4034 ;89  ;04.04.08 ; Карбышева 25        ; магазин "Сад и огород", мачта                 ; 52.097666; 23.691280;G
$;M;R  ;BR.; Брест               ;              ;    ; 5722 ;    ;    ; 227 ; 6157 ;12 45 78 ;227; 4048 ;0   ;15.05.16 ; Карбышева 25        ; магазин "Сад и огород", мачта                 ; 52.097666; 23.691280;G
$;M;R  ;BR.; Брест               ;              ;    ; 5722 ;    ;    ; 227 ; 1984 ; 6       ;   ;      ;    ;15.05.16 ; Карбышева 25        ; магазин "Сад и огород", мачта                 ; 52.097666; 23.691280;G
$;M;R  ;BR.; Брест               ; BREST        ;227 ; 5723 ;123 ;456 ; 227 ; 6158 ;123456789;227; 4048 ;123 ;16.07.08 ; б-р Космонавтов 99А ; ЦТП-1-36, мачта                               ; 52.088749; 23.701289;G
$;M;R  ;BR.; Брест               ;              ;    ; 5723 ;    ;    ; 227 ; 2085 ;5        ;   ;      ;    ;16.07.08 ; б-р Космонавтов 99А ; ЦТП-1-36, мачта                               ; 52.088749; 23.701289;G
$;M;R  ;BR.; Брест               ; BREST        ;220 ; 5725 ;123 ;456 ; 220 ; 6159 ;123456789;220; 4048 ;56  ;18.07.07 ; пер.Брестских див.6Б; столб                                         ; 52.104915; 23.673713;G
$;M;R  ;BR.; Брест               ;              ;    ; 5725 ;    ;    ; 220 ; 6160 ;12 45 78 ;   ;      ;    ;01.11.15 ; пер.Брестских див.6Б; столб                                         ; 52.104915; 23.673713;G
$;M;R  ;BR.; Брест               ;              ;    ; 5725 ;    ;    ; 220 ; 2154 ;   4     ;   ;      ;    ;08.01.24 ; пер.Брестских див.6Б; столб                                         ; 52.104915; 23.673713;G
$;M;R  ;BR.; Брест               ; BREST        ;223 ; 5726 ;123 ;456 ; 223 ; 6161 ;123456789;223; 4048 ;789 ;23.05.07 ; Волгоградская 19    ; рынок "Ковалево", столб                       ; 52.077479; 23.756027;G
$;M;R  ;BR.; Брест               ;              ;    ; 5726 ;    ;    ; 223 ; 5232 ;1  4  7  ;   ;      ;    ;25.04.17 ; Волгоградская 19    ; рынок "Ковалево", столб                       ; 52.077479; 23.756027;G
$;M;R  ;BR.; Брест               ;              ;    ; 5726 ;    ;    ; 223 ; 2136 ;678      ;   ;      ;    ;25.04.17 ; Волгоградская 19    ; рынок "Ковалево", столб                       ; 52.077479; 23.756027;G
$;M;R  ;BR.; Брест               ; BREST        ;220 ; 5761 ;123 ;456 ; 220 ; 6169 ;1234 678 ;220; 4049 ;0 2 ;07.11.08 ; Адамковская 58      ; здание ОПС-14, мачта                          ; 52.104927; 23.652958;G
$;M;R  ;BR.; Брест               ;              ;    ; 5761 ;    ;    ; 220 ; 1135 ;12       ;   ;      ;    ;07.11.08 ; Адамковская 58      ; здание ОПС-14, мачта                          ; 52.104927; 23.652958;G
$;M;R  ;BR.; Брест               ; BREST        ;224 ; 5766 ;123 ;456 ; 224 ; 6171 ;123456789;224; 4049 ;345 ;05.09.08 ; Скрипникова 123     ; Евроопт, мачта                                ; 52.108529; 23.725699;G
$;M;R  ;BR.; Брест               ;              ;    ; 5766 ;    ;    ; 224 ; 2119 ;456      ;   ;      ;    ;05.09.08 ; Скрипникова 123     ; Евроопт, мачта                                ; 52.108529; 23.725699;G
$;M;R  ;BR.; Брест               ; BREST        ;227 ; 5776 ; 2  ;456 ; 227 ; 6174 ;123456789;227; 4049 ;678 ;22.11.07 ; Карла Маркса 19     ; Областное объединение профсоюзов, мачта       ; 52.095185; 23.685218;G
$;M;R  ;BR.; Брест               ;              ;    ; 5776 ;    ;    ; 227 ;  115 ;1  4  7  ;   ;      ;    ;22.11.07 ; Карла Маркса 19     ; Областное объединение профсоюзов, мачта       ; 52.095185; 23.685218;G
$;M;R  ;BR.; Брест               ;              ;    ; 5776 ;    ;    ; 227 ; 2178 ; 1 3     ;   ;      ;    ;22.11.07 ; Карла Маркса 19     ; Областное объединение профсоюзов, мачта       ; 52.095185; 23.685218;G
$;M;R  ;BR.; Брест               ; BREST        ;220 ; 5777 ;123 ;456 ; 220 ; 6175 ;1 3456789;220; 4049 ;9   ;10.02.08 ; Катин Бор 111Б      ; СП "ЕвроТрейд", опорная мачта 40м             ; 52.141706; 23.656198;G
$;M;R  ;BR.; Брест               ;              ;    ; 5777 ;    ;    ;     ;      ;         ;220; 4051 ;01  ;12.11.17 ; Катин Бор 111Б      ; СП "ЕвроТрейд", опорная мачта 40м             ; 52.141706; 23.656198;G
$;M;R  ;BR.; Брест               ; BREST        ;220 ; 5792 ;123 ;456 ; 220 ; 6177 ;12 45 78 ;220; 4051 ;23  ;20.07.08 ; Лейтенанта Рябцева  ; котельная, мачта                              ; 52.132135; 23.671823;G
$;M;R  ;BR.; Брест               ;              ;    ; 5958 ;    ;    ; 220 ; 6193 ;12 456 8 ;   ;      ;    ;26.04.17 ; Комбинатовская 11   ; гаражно-потребительский кооператив, столб     ; 52.099425; 23.642572;G
$;M;R  ;BR.; Брест               ; BREST        ;220 ; 5960 ;    ;456 ; 220 ; 6194 ;12 45678 ;   ;      ;    ;29.04.15 ; Смирнова-Клейниковская; башня 40м                                   ; 52.124423; 23.626481;G
$;M;R  ;BR.; Брест               ;              ;    ; 6033 ;    ;    ; 223 ; 1290 ;123456789;   ;      ;    ;28.03.19 ; Варшавское шоссе 41 ; отель "Hampton by Hilton", трубостойки        ; 52.074203; 23.708212;G
$;M;R  ;BR.; Брест               ;              ;    ; 6033 ;    ;    ; 223 ; 4500 ;1        ;   ;      ;    ;28.03.19 ; Варшавское шоссе 41 ; отель "Hampton by Hilton", трубостойки        ; 52.074203; 23.708212;G
$;M;R  ;BR.; Брест               ;              ;    ; 6113 ;    ;    ; 223 ;  162 ;1  45  89;   ;      ;    ;08.08.19 ; Волгоградская 4     ; опора освещения (север)                       ; 52.072456; 23.755747;G
$;M;R  ;BR.; Брест               ;              ;    ; 6113 ;    ;    ; 223 ;  179 ;  34  7  ;   ;      ;    ;08.08.19 ; Волгоградская 4     ; опора освещения (север)                       ; 52.072456; 23.755747;G
$;M;R  ;BR.; Брест               ;              ;    ; 6113 ;    ;    ; 223 ;  162 ; 23  67  ;   ;      ;    ;08.08.19 ; Волгоградская 4     ; опора освещения (юг)                          ; 52.071888; 23.755879;G
$;M;R  ;BR.; Брест               ;              ;    ; 6113 ;    ;    ; 223 ;  179 ;12  56   ;   ;      ;    ;08.08.19 ; Волгоградская 4     ; опора освещения (юг)                          ; 52.071888; 23.755879;G
$;M;R  ;BR.; Брест               ;              ;    ; 6114 ;    ;    ; 224 ; 4510 ;12345 789;224; 4179 ;0   ;08.08.19 ; Московская 210      ; рекламный щит                                 ; 52.096673; 23.747332;G
$;M;R  ;BR.; Брест               ;              ;    ; 6114 ;    ;    ; 224 ; 4511 ;1234567  ;224; 4180 ;0   ;08.08.19 ; Московская 210      ; рекламный щит                                 ; 52.096673; 23.747332;G
$;M;R  ;BR.; Брест               ;              ;    ; 6115 ;    ;    ; 224 ;  288 ;      7  ;224;  379 ;5   ;08.08.19 ; Московская 267      ; БрГТУ, трубостойки                            ; 52.096806; 23.759432;G
$;M;R  ;BR.; Брест               ;              ;    ; 6115 ;    ;    ; 224 ;  299 ;12 45 7  ;   ;      ;    ;08.08.19 ; Московская 267      ; БрГТУ, трубостойки                            ; 52.096806; 23.759432;G
$;M;R  ;BR.; Брест               ;              ;    ; 6410 ;    ;    ; 224 ; 1427 ;        9;   ;      ;    ;08.08.19 ; Сов.Конституции 26/1; общежитие, трубостойки                        ; 52.108806; 23.753336;G
$;M;R  ;BR.; Брест               ;              ;    ; 6410 ;    ;    ; 224 ; 1428 ;      7 9;   ;      ;    ;08.08.19 ; Сов.Конституции 26/1; общежитие, трубостойки                        ; 52.108806; 23.753336;G
$;M;R  ;BR.; Брест               ;              ;    ; 6410 ;    ;    ; 224 ; 1430 ;  3      ;   ;      ;    ;08.08.19 ; Сов.Конституции 26/1; общежитие, трубостойки                        ; 52.108806; 23.753336;G

$;M;R  ;BR.; Брест               ;              ;    ;      ;    ;    ; 223 ; 2089 ;12 456   ;   ;      ;    ;28.07.17 ; 28 июля 45А         ; автостоянка, передвижная БС А7521В-7          ; 52.080107; 23.739168;G
$;M;R  ;BR.; Брест               ;              ;    ;      ;    ;    ; 223 ; 4554 ;12 45    ;   ;      ;    ;28.07.17 ; 28 июля 45А         ; автостоянка, передвижная БС А7521В-7          ; 52.080107; 23.739168;G

$;M;RVU;BR.; Брест               ; BREST        ;    ;Repiter;   ;    ;     ;      ;         ;   ;      ;    ;21.05.11 ; Московская 210      ; ТЦ "Корона", репитер от БС 704.4              ; 52.096658; 23.744954;G
$;M;RVU;BR.; Брест               ; BREST        ;    ;Repiter;   ;    ;     ;      ;         ;   ;      ;    ;30.01.10 ; Московская 210      ; ТЦ "Корона", репитер от БС 2722.3             ; 52.096658; 23.744954;G
$;M;RVU;BR.; Брест               ; BREST        ;    ;Repiter;   ;    ;     ;      ;         ;   ;      ;    ;05.02.07 ; Машерова пр. 17     ; цокольный этаж ЦУМа, репитер от БС 5706.2     ; 52.085301; 23.694938;G

$;M;R  ;BR.; Брест               ;              ;    ;      ;    ;    ; 223 ; 4427 ;        9;   ;      ;    ;08.08.19 ; ?                   ; U2100: 4-я несущая в р-не БС 0727 и 4706      ;          ;          ;

$;M;P  ;BR.; Брест               ;              ;    ; 4707 ;    ;    ;     ;      ;         ;220; 3475 ;3   ;11.05.17 ; ?                   ; U900: БС 4707? *питон*                        ;          ;          ;
$;M;P  ;BR.; Брест               ;              ;    ; 5713 ;    ;    ;     ;      ;         ;224; 4034 ;1   ;08.05.17 ; ?                   ; U900: БС 5713? *питон*                        ;          ;          ;
$;M;P  ;BR.; Брест               ;              ;    ; 5725 ;    ;    ;     ;      ;         ;220; 4048 ;4   ;08.05.17 ; ?                   ; U900: БС 5725? *питон*                        ;          ;          ;
$;M;P  ;BR.; Брест               ;              ;    ; 4760 ;    ;    ;     ;      ;         ;220; 4053 ;8   ;31.10.17 ; ?                   ; U900: БС 4760? *питон*                        ;          ;          ;
$;M;P  ;BR.; Брест               ;              ;    ; 4776 ;    ;    ;     ;      ;         ;220; 4055 ;0   ;08.05.17 ; ?                   ; U900: БС 4776? *питон*                        ;          ;          ;
$;M;P  ;BR.; Брест               ;              ;    ; 5110 ;    ;    ;     ;      ;         ;220; 4089 ;7   ;14.09.17 ; ?                   ; U900: БС 5110? *питон*                        ;          ;          ;

$;M;S  ;BR.; Брест               ;              ;    ; 6123 ;    ;    ;     ;      ;         ;   ;      ;    ;08.08.19 ; Рокоссовского 1Е    ; опора освещения (запад)                       ; 52.059197; 23.739461;G
$;M;S  ;BR.; Брест               ;              ;    ; 6123 ;    ;    ;     ;      ;         ;   ;      ;    ;08.08.19 ; Рокоссовского 1Е    ; опора освещения (восток)                      ; 52.059128; 23.740620;G
$;M;S  ;BR.; Брест               ;              ;    ; 6215 ;    ;    ;     ;      ;         ;   ;      ;    ;08.08.19 ; Октябрьской Революции 4; опора освещения (запад)                    ; 52.082942; 23.759231;G
$;M;S  ;BR.; Брест               ;              ;    ; 6215 ;    ;    ;     ;      ;         ;   ;      ;    ;08.08.19 ; Октябрьской Революции 4; опора освещения (восток)                   ; 52.083054; 23.760296;G
$;M;S  ;BR.; Брест               ;              ;    ; 6274 ;    ;    ;     ;      ;         ;   ;      ;    ;12.09.23 ; Махновича 24        ; опора освещения (северо-восток)               ; 52.069721; 23.704279;G
$;M;S  ;BR.; Брест               ;              ;    ; 6274 ;    ;    ;     ;      ;         ;   ;      ;    ;12.09.23 ; Махновича 24        ; опора освещения (юго-запад)                   ; 52.069137; 23.703091;G
$;M;S  ;BR.; Брест               ;              ;    ; 6407 ;    ;    ;     ;      ;         ;   ;      ;    ;08.08.19 ; Карьерная           ; башня 40м                                     ; 52.059409; 23.767535;G
$;M;S  ;BR.; Брест               ;              ;    ; 6414 ;    ;    ;     ;      ;         ;   ;      ;    ;08.08.19 ; Партизанский пр. 20А; жилой дом, мачта                              ; 52.106050; 23.758780;G*
$;M;S  ;BR.; Брест               ;              ;    ; 6415 ;    ;    ;     ;      ;         ;   ;      ;    ;08.08.19 ; Лейтенанта Рябцева 33; столб                                        ; 52.128127; 23.673957;G*
$;M;S  ;BR.; Брест               ;              ;    ; 6419 ;    ;    ;     ;      ;         ;   ;      ;    ;08.08.19 ; Московская 267      ; технический университет, трипод               ; 52.094059; 23.760146;G*
$;M;S  ;BR.; Брест               ;              ;    ; 6475 ;    ;    ;     ;      ;         ;   ;      ;    ;13.11.23 ; Красногвардейская 125;Брестводоканал, мачта                         ; 52.122620; 23.695530;G
$;M;S  ;BR.; Брест               ;              ;    ; 6541 ;    ;    ;     ;      ;         ;   ;      ;    ;23.02.23 ; Карьерная 11        ; мачта                                         ; 52.068838; 23.748051;G
$;M;S  ;BR.; Брест               ;              ;    ; 6542 ;    ;    ;     ;      ;         ;   ;      ;    ;08.08.19 ; Луцкая 37           ; опорная мачта A1                              ; 52.075409; 23.758463;G
$;M;S  ;BR.; Брест               ;              ;    ; 6558 ;    ;    ;     ;      ;         ;   ;      ;    ;08.08.19 ; Адамковская 40      ; общежитие, мачта                              ; 52.099950; 23.655560;G
$;M;S  ;BR.; Брест               ;              ;    ; 6560 ;    ;    ;     ;      ;         ;   ;      ;    ;23.02.23 ; Я. Купалы 1         ; СП "Санта Бремор", трубостойки                ; 52.113290; 23.763570;G
$;M;S  ;BR.; Брест               ;              ;    ; 6560 ;    ;    ;     ;      ;         ;   ;      ;    ;23.02.23 ; Я. Купалы 1         ; СП "Санта Бремор", внутри                     ; 52.113290; 23.763570;G
$;M;S  ;BR.; Брест               ;              ;    ; 6561 ;    ;    ;     ;      ;         ;   ;      ;    ;08.08.19 ; Центральная 1/1     ; ООО "Вира", мачта                             ; 52.072077; 23.739559;G*
$;M;S  ;BR.; Брест               ;              ;    ; 6562 ;    ;    ;     ;      ;         ;   ;      ;    ;27.10.23 ; пр-т Республики     ; рекламный щит                                 ; 52.078967; 23.769617;G
$;M;S  ;BR.; Брест               ;              ;    ; 6578 ;    ;    ;     ;      ;         ;   ;      ;    ;23.02.23 ; Лейтенанта Рябцева 180М; ОДО "Стройремналадка", мачта               ; 52.136691; 23.672024;G
$;M;S  ;BR.; Брест               ;              ;    ; 6584 ;    ;    ;     ;      ;         ;   ;      ;    ;08.08.19 ; Красногвардейская 13; магазин "Копеечка", мачта                     ; 52.106430; 23.681780;G
$;M;S  ;BR.; Брест               ;              ;    ; 6595 ;    ;    ;     ;      ;         ;   ;      ;    ;23.02.23 ; район подстанции Брест-Северная; столб                              ; 52.118104; 23.678785;G*
$;M;S  ;BR.; Брест               ;              ;    ; 6677 ;    ;    ;     ;      ;         ;   ;      ;    ;23.02.23 ; Ленина 11           ; облисполком, внутри                           ; 52.094070; 23.683690;G
$;M;S  ;BR.; Брест               ;              ;    ; 6680 ;    ;    ;     ;      ;         ;   ;      ;    ;27.10.23 ; Зубачева 2А         ; столб                                         ; 52.091167; 23.667247;G

$;M;Z  ;BR.; Брест               ;              ;    ;  701 ;    ;    ; 220 ;  701 ;123456789;   ;      ;    ;20.10.16 ; Машерова пр. 21     ; РУП "Белтелеком", трубостойки                 ; 52.086229; 23.696930;G
$;M;Z  ;BR.; Брест               ;              ;    ;  701 ;    ;    ; 220 ; 3701 ;1  4  7  ;   ;      ;    ;20.10.16 ; Машерова пр. 21     ; РУП "Белтелеком", трубостойки                 ; 52.086229; 23.696930;G
$;M;Z  ;BR.; Брест               ;              ;    ;  702 ;    ;    ; 220 ;  702 ;1234567 9;   ;      ;    ;20.10.16 ; Энгельса 3          ; Горисполком  трубостойки                      ; 52.093072; 23.681341;G
$;M;Z  ;BR.; Брест               ;              ;    ;  703 ;    ;    ; 220 ;  703 ;123456789;   ;      ;    ;20.10.16 ; б-р Космонавтов 21  ; БрГУ, триподы                                 ; 52.098502; 23.694119;G
$;M;Z  ;BR.; Брест               ;              ;    ;  704 ;    ;    ; 224 ;  704 ;123 56 89;   ;      ;    ;20.10.16 ; Пионерская 50       ; корпус 16 ОАО "БЭМЗ", трубостойки             ; 52.098028; 23.730682;G
$;M;Z  ;BR.; Брест               ;              ;    ;  705 ;    ;    ; 220 ;  705 ;123456789;   ;      ;    ;20.10.16 ; Кижеватова 76       ; ж/д больница, трубостойки                     ; 52.106819; 23.690771;G
$;M;Z  ;BR.; Брест               ;              ;    ;  705 ;    ;    ; 220 ; 3957 ;1  4  7  ;   ;      ;    ;20.10.16 ; Кижеватова 76       ; ж/д больница, трубостойки                     ; 52.106819; 23.690771;G
$;M;Z  ;BR.; Брест               ;              ;    ;  706 ;    ;    ; 224 ;  706 ;123   7  ;   ;      ;    ;20.10.16 ; Строительная 56     ; ПРУП "БЭТЗ", очистные, трубостойки            ; 52.116769; 23.739012;G
$;M;Z  ;BR.; Брест               ;              ;    ;  706 ;    ;    ; 224 ; 3706 ;1        ;   ;      ;    ;20.10.16 ; Строительная 56 